-- phpMyAdmin SQL Dump
-- version 5.0.4
-- https://www.phpmyadmin.net/
--
-- Host: 127.0.0.1
-- Generation Time: Jun 30, 2021 at 01:07 PM
-- Server version: 10.4.17-MariaDB
-- PHP Version: 8.0.2

SET SQL_MODE = "NO_AUTO_VALUE_ON_ZERO";
START TRANSACTION;
SET time_zone = "+00:00";


/*!40101 SET @OLD_CHARACTER_SET_CLIENT=@@CHARACTER_SET_CLIENT */;
/*!40101 SET @OLD_CHARACTER_SET_RESULTS=@@CHARACTER_SET_RESULTS */;
/*!40101 SET @OLD_COLLATION_CONNECTION=@@COLLATION_CONNECTION */;
/*!40101 SET NAMES utf8mb4 */;

--
-- Database: `guitar_aio`
--

-- --------------------------------------------------------

--
-- Table structure for table `sessions`
--

CREATE TABLE `sessions` (
  `id` int(11) NOT NULL,
  `user_id` int(11) NOT NULL,
  `date` datetime NOT NULL,
  `length` int(11) NOT NULL,
  `no_songs` int(11) NOT NULL
) ENGINE=InnoDB DEFAULT CHARSET=utf8mb4;

--
-- Dumping data for table `sessions`
--

INSERT INTO `sessions` (`id`, `user_id`, `date`, `length`, `no_songs`) VALUES
(1, 1, '2021-06-28 11:43:25', 2219, 22),
(2, 1, '2021-06-28 11:58:39', 15, 1),
(3, 1, '2021-06-30 12:50:20', 782, 5),
(4, 1, '2021-06-30 13:02:37', 706, 5);

-- --------------------------------------------------------

--
-- Table structure for table `session_songs`
--

CREATE TABLE `session_songs` (
  `id` int(11) NOT NULL,
  `session_id` int(11) NOT NULL,
  `song_id` int(11) NOT NULL,
  `time` int(11) NOT NULL
) ENGINE=InnoDB DEFAULT CHARSET=utf8mb4;

--
-- Dumping data for table `session_songs`
--

INSERT INTO `session_songs` (`id`, `session_id`, `song_id`, `time`) VALUES
(1, 1, 59, 121),
(2, 1, 43, 90),
(3, 1, 90, 59),
(4, 1, 124, 81),
(5, 1, 94, 129),
(6, 1, 62, 73),
(7, 1, 49, 66),
(8, 1, 81, 65),
(9, 1, 5, 129),
(10, 1, 68, 74),
(11, 1, 28, 97),
(12, 1, 39, 104),
(13, 1, 30, 177),
(14, 1, 88, 73),
(15, 1, 95, 133),
(16, 1, 6, 61),
(17, 1, 78, 82),
(18, 1, 117, 119),
(19, 1, 84, 71),
(20, 1, 60, 73),
(21, 1, 116, 21),
(22, 1, 36, 321),
(23, 2, 95, 15),
(24, 3, 39, 102),
(25, 3, 36, 162),
(26, 3, 97, 90),
(27, 3, 131, 206),
(28, 3, 132, 222),
(29, 4, 97, 96),
(30, 4, 39, 90),
(31, 4, 36, 160),
(32, 4, 132, 209),
(33, 4, 131, 151);

-- --------------------------------------------------------

--
-- Table structure for table `songs`
--

CREATE TABLE `songs` (
  `id` int(11) NOT NULL,
  `user_id` int(11) NOT NULL,
  `author` varchar(48) NOT NULL,
  `name` varchar(48) NOT NULL,
  `chords` varchar(2048) NOT NULL,
  `times_played` int(11) NOT NULL
) ENGINE=InnoDB DEFAULT CHARSET=utf8mb4;

--
-- Dumping data for table `songs`
--

INSERT INTO `songs` (`id`, `user_id`, `author`, `name`, `chords`, `times_played`) VALUES
(1, 1, 'Aca Lukas', 'Kafana na balkanu', 'Hm             \nMalo vina, malo dima puno tuge u ocima\n           E         A     Em           \nnekad reci tako malo znace sve je jasno k\'o na dlanu\nC                       F#7                Hm\nsve reci u casu stanu i nocas ce kafana da place\n\nHm\nSamo uspomene lete kao dim od cigarete\n             E          A     Em\nnegde gore s muzikom se druze ako neka casa oda0\nC                   F#7                 Hm       (ton c#) \nneka putuje do poda zasto nije izdrzala duze\n\n    Refren 2x\n    D                 A\n    Kap kise u okeanu za kafanu na Balkanu\n    Em         G  A     Hm    A      F#7           Hm\n    koga briga ko nocas place sipaj, nek\' boli jos jace\n\nHm\nMalo vina, malo dima puno tuge u ocima\n           E         A     Em         \nnekad reci tako malo znace sve je jasno k\'o na dlanu\nC                       F#7                Hm\nsve reci u casu stanu i nocas ce kafana da place\n\nHm\nNemoj, caso, da se ljutis volim te, jer znas da cutis\n           E          A       Em\ncemu drugo prijatelji sluze H tesko je biti stena\n  C                   F#7               Hm\nu ta suluda vremena i ti si se umorila, druze\n\n    Refren 2x', 0),
(2, 1, 'Aca Lukas', 'Volis li me', 'Hm-G  Em       A                 Hm-G\nVoliš,  voliš ti mene kad sam dobar\nEm          A               Hm-G\nkad ti ko dami ruku dodam\nEm           A\ni kaput ti pridržim\nEm                  F#m       G-A\nko malo vode na dlanu držim\n\nVoliš voliš ti mene kad sam nežan\nkada sam pažljiv i darežljiv\nda staviš me na ranu\nvoliš ti moju lepšu stranu\n\n    Refren\n    Hm-G Em A\n    Voliš li me kad sam mrtav pijan\n    voliš li me kad pravi sam grubijan\n    voliš li me kad okolo se kurvam\n    i zdravlje zbog mene zauvek izgubiš\n    Reci mi da me voliš\n\nVoliš voliš ti mene kad sam fin\nkad ovo srce sve ti čini\nvoliš ti moje maske\nsve što nisam u suštini\n\nVoliš voliš ti mene kad sam nežan\nkada sam pažljiv i darežljiv\nda staviš me na ranu\nvoliš ti moju lepšu stranu\n\n    Refren\n\nG\nLjubav je crni humor\nHm\nširi se kao tumor\nA                           F#m\ndok veruješ a ja lažem te\n\npa previše zbog tog pijem\npa previše zbog tog pušim\njer previše ipak volim te ja\n\n    Refren', 0),
(3, 1, 'Aco Pejovic', 'Da si tu', 'Gm                       F\nIako znam da ljubav nema pravila\nGm                       F\ntaj osjecaj krivice imam danima\nA#\nza grube reci sto su pale\nF\nza ruke koje nisu znale\nCm                       Dm\nda zadrze te tu na mojim vratima\n\nGm                         F\nProveravam telefon svoj iz navike\nGm                           F\nza propusteni poziv tvoj bih dao sve\nA#\nzar nije vredna ljubav moja\nF\nni poruke sa tvoga broja\nCm                        Dm\nzar mora Bog u crno da me zavije\nDm\nDa mi je\n\n    Refren 2x\n    A#\n    Da si tu bar noci ove\n    F\n    da si tu, jedino moje\n    Cm                   Gm   F\n    da si tu da oci dusu odmore\n\n    A#\n    Da si tu bar ovog\' trena\n    F\n    bila bi za sva vremena\n    D#           F                 Gm\n    da si tu, pa makar i bio tvoja sena\n', 0),
(4, 1, 'Aco Pejovic', 'Litar krvi', 'Hm                \nKome ides, ko te ima\n                         Em\nkoga sanjas, ko li mi te ljubi\nHm                   \nsvake noci, svakog dana\n                        Em \ns pitanjima istim ja se budim\nHm     G          A         F#m A\nbez tebe ko sena ni pola me nema\n\n    Refren 2x\n    Hm                      \n    Sve ti dajem, sve je tvoje\n    G                Em       Hm\n    sve mi uzmi tugo mladosti moje\n    Hm                \n    litar krvi, obe ruke\n         G           Em       Hm\n    samo dodji pa me spasi od tuge\n\nHm\nNe pitaj me kako zivim\n                       Em\nkad se to na mome licu vidi\nHm\nne pitaj me zasto svoga lika\n              Em\nu ogledalu se stidim\nHm     G          A         F#m A\nbez tebe ko sena ni pola me nema\n\n    Refren 2x', 0),
(5, 1, 'Aco Pejovic', 'Ne pitaj', 'Am                  Em\nKonobar ne žuri, ne gledaj u sat,\nF          G           Am\nne donosi račun da se plati,\nDm                    Am\nako možeš vreme vrati unazad,\nG            Em            Am\nda je vidim, život cu ti dati.\n\n    Refren\n    Dm    Bb   Am\n    Ne pitaj, ništa ne pitaj,\n    G                 C             A\n    već za njene oči, jos jednu natoči,\n    Dm    Bb     Am\n    ne diraj, ranu ne diraj,\n    G            Em              Am\n    da preživim, ne znam dal\' ću moci.\n\nAm                  Em\nKonobar ne žuri, ne gledaj u sat,\nF           G          Am\njoš je rano kući da se krene,\nDm                  Am\ni svetla prigusi, moli te tvoj brat,\nG          Em         Am\nda u mraku gledam oči njene.\n\n    Refren 2x', 0),
(6, 1, 'Aco Pejovic', 'Nema te nema', 'Hm             A\nTi, kostala si me \n              G\nk\'o nijedna pre\n                 Hm \nsve ti je bilo malo \n\nHm              A\nTi, kriva si za to\n               G \nsto mi drugova\n      Hm\nponestalo\n\nG           Em      \nSa tobom da ostanem \nA         Hm\nradio sam sve\nA       G       F#7\nzaduzio na sve strane\n\n    Refren 2x\n    Hm            G\n    Nema te, nema a ja vec sutra bicu\n    A              F#m\n    u sto problema za noc ostaricu\n    G               Em\n    Kad vreme dodje za greske da se plati\n    F#m                  Hm\n    ti vec tudjom ces se zvati\n\nZnam, dao sam ti sve \nBoze malo je\nma opet bih ti dao\n\nZnam, i da uzmes sve\ni ove ruke dve\nne bi mi bilo zao\n\nG           Em      \nSa tobom da ostanem \nA         Hm\nradio sam sve\nA       G       F#7\nzaduzio na sve strane\n\n    Refren 2x', 0),
(7, 1, 'Aco Pejovic', 'Oko mene sve', '    Refren\n    C#m\n    Oko mene sve\n      Am\n    ceo zivot je laz\n        A\n    dodji voli me\n        H      Abm   \n    ti to jedina znas\n      C#m\n    Oko mene sve\n         Abm\n    sad me vuce na dno\n        A\n    dodji spasi me\n        H       C#m\n    ti mi dugujes to\n\nC#m\nMamuran dodjem kuci\n             H\npa spustim roletne\nC#m\nzivim k o vampir\n                   H\nne dam suncu da me sretne\n\nA\nJos jedna noc\n                  H\nu laznom raju iza mene\nC#m\ni skupo vino\n                H\ni ne tako skupe zene\n\n    Refren\n\nBacicu cigarete\nponavljam u sebi\npa novu palim\nda zaboravio ne bih\n\nAko me secanje\nna tebe ne dotuce\nja bicu sutra\nbolji covek nego juce', 0),
(8, 1, 'Aleksandra Prijovic', 'Za nas kasno je', 'Hm                  G\nOd istoka do zapada mene tuga napada\nA         G#            Hm\nSrce se zbog tebe raspada\nHm                     G\nJa sam na korak do dna i gubim tlo pod nogama\nA          Em           Hm\nOpet si me sreco prodala\n\n    Refren\n    Em                    Hm\n    Tebi je život dao sve, a tebi i to malo je\n    A                     D\n    Ljubavi za nas kasno je\n    Em                  Hm\n    I tako, malo po malo, sve je naše propalo\n    A              G A Hm\n    Nista nam nije ostalo\n\nOd zemlje, pa do svemira sve me sada nervira\nDuša mi je puna nemira\nNekad jedno ti i ja, sad smo eto sveta dva\nOpet si me srećo izdala\n\n    Refren 2x', 0),
(9, 1, 'Alen Islamovic X Indira', 'Lopov', 'A#     C   Dm A#   C   Dm\nLopov, lopova uvek oseti\nA#      C      Dm  A#       C    Dm\nznas ti ko sam ja, znam ja ko si ti\n\nHajde, dodji mi, djevojko, djevojcice i ukradi mi sve\noci vezi mi, ruke zavezi jer, jer smo isti, zar ne\n\n    Refren\n             Dm            F\n    Uzecu ti sve, uzecu ti sve\n              C           Dm\n    moja dusa je na to navikla \n                 Dm                F\n    plasi me sto znam, prevarices me\n              C           Dm\n    kao sudbina starog lopova\n\nLopov, lopovu svaki pokret zna\nnema tajni tu, nema kajanja\n\nHajde, dodji mi, djevojko, djevojcice da ukradem ti sve\ntijelo, dodire, snove i poljupce jer, jer smo isti, zar ne\n\n   Refren ', 0),
(10, 1, 'Alen Mukovic', 'Pridji mi', '    Refren 2x\n    Gm---------------------F----\n    Pridji mi, pridji, nisi vise klinka\n    F--------------------------B--Gm\n    neka svi gledaju, ma, bas te briga\n    Gm---------------------F----\n    ljubi me, paparaco neka slika\n    F--------------------------B--Gm\n    daj, opusti se, sve je samo igra\n\nB---------------As------Gm----\nNisi u ovaj klub ti slucajno izasla\nB---------------As------Gm----\nznam da si cijele noci mene trazila\nB---------------As------Gm----\nbila si mala, al\' si konacno porasla\nC--------------B-------------As-----Gm----\ni samo s tobom, i samo s tobom nocas bio bih\n\n    Referen \n\nVelika guzva, mnogo ljudi i nas dvoje\nsamo za tebe pjevam pjesme svaki stih\nhiljadu ociju, al\' najljepse su tvoje\ni samo s tobom, i samo s tobom nocas bio bih\n\n    Refren 2x', 0),
(11, 1, 'Alisa', 'Sanja', 'Am                       Am\nNemoj sanja da se menjas da se stidis lazi\nAm\nNajlepsa si kakava jesi\nAm                   Dm\nNe dozvoli da te iko kvari\nDm                  F\nNajgori su boziji cuvari\nE\nNe ne ne ne\n\nNecu sanja da ti pricam one stare pesme\nZajedno smo goreli\nU istoj peci se pekli\nK\'o dim razlili meki\nNe ne ne ne\n\n    Refren\n      C       C\n    dunavom brodovi plove\n      G        G              Am    Dm    Am   E\n    Da li se bar jedan zove sanja sanja sanja\n\n      C       C\n    Maslacak sam vetar me nosi\n      G        G              Am    Dm    Am   E\n    Ima me u tvojoj kosi sanja sanja sanja\n\nNemoj sanja da se brines nisam onaj stari\nKoji hoce sve da kvari\nCiju kicmu drze ideali\nKoji mrzi osecaje plitke\nI nikad ne gubi bitke\n\nObuci se k\'o sto umes i isturi grudi\nNeka tvoja gola noga krene\nNek polude ljudi\nNek se zudnja vojnika probudi\nNe ne ne ne\n\n    Refren.', 0),
(12, 1, 'Allegro Band', 'Afrika', 'Em                 C\nU zivot svoj da se zakune\nD             Hm\nsa nama da je gotovo\nEm                C\nda sakrije, on to ne ume \nD              Hm\nda sve opet bi ponovo\n\nAm            Hm\nOpet on bi da zagrli \nC                 D\nplamen sto jos ga boli\nAm               Hm\nto svi su znali, a on se pravi\nC     D    Em\nda me ne voli\n\n    Refren\n    Em             C\n    Gori srce moje kao Afrika\n    G          D\n    na licu mi Sibir pise\n    Em             C\n    kada kaze kako sve ce da mi da\n    G               D         \n    ja pravim se da hocu vise\n    Em                 C\n    Kad ga gledam hoce zivot da mi da\n    G            D\n    kad me gleda jedva dise\n    Em               C\n    zna da mogu srce da mu iscupam\n    G               D        Em\n    al\' ne moze bez mene vise\n\nZna da je moj, al\' jos se bori\nznam, zbog mene uzdise\nali se boji da ne izgori \nako pridje previse\n\n    Refren 2x ', 0),
(13, 1, 'Amar Gile', 'Prekasno', 'Am              Em\nZnao sam da si udata\nAm              Em \nal nisam mario za to \nC           G\ni mene kada pitaju \n          F\nja kažem oženjen \nG          Am\nali ništa ozbiljno \nC           G\ni mene kada pitaju \n          F\nja kažem oženjen \nG          Am\nali ništa ozbiljno \n\n    Refren\n    Am\n    Sjedimo za istim stolom \n    C         G\n    čutiš ti čutim ja \n    G                    F\n    Gasimo sa alkoholom vatru \n       G\n    u grudima \n    Am                  C\n    Ne bi ove noći bila ti sa njim \n    G\n    ja sa njom \n    F                       G   F\n    samo da se nismo sreli prekasno, \n        Am\n    prekasno \n\nNije to nikad bio plan \nda svaki viđamo se dan \nkada se ljubav desi \nna pogrešnoj adresi \nsamo je đavo nasmijan \nkada se ljubav desi \nna pogrešnoj adresi \nsamo je đavo nasmijan \n\n    Refren 2x\n', 0),
(14, 1, 'Ana Nikolic', 'Romale, romali', 'F#m\nVatreni znak na nebu jak \nD                   E\ni nocni vetar lud i vreo \nF#m               \nprevari me, uspavaj me\nD                E \ndobro si poceo \n\n	Refren \n	F#m               \n	Romale, romali, samo to reci mi \n	E                       Hm  C#m                   F#m\n	romale, romali, i ja skidam kais na sandali \n	F#m                             E\n	romale, romali, pojas na haljini\n	   Hm  C#m               F#m\n	na dve reci carobne \n\nHajde, vodi me, sada znam i gde\ntamo gde bolu mesto nije\nda nas przi led\ngde je mesec u znaku vodolije\n\n	Refren\n\nStavljam prste u med\nda ovaj zasladim san\nal\' bez tebe je med\nkao i suze slan', 0),
(15, 1, 'Andreana Cekic', 'Cipele', 'A#m                     D#m\nStaviću sutra oglas u novine \nA#m                      G#             D#m\nJedan čovek sreću traži, spavao bi u garaži \nA#m                            D#m\nŠta će mu krevet, struja i prozori \nA#m                     G#                  D#m\nSamo si mu ti u glavi, budi dobra pa se javi \nFm\nHeeej \n\n    Refren \n               A#m               F#         C#\n    Zbog tebe, ona s kojom živim tuguje i pije \n    G#          A#m              F#           C#\n    Zbog tebe, ona s kojom živim cipele mi krije \n    G#      A#m              F#               C#\n    Pa pita zašto srca nemam dok se tebi spremam \n    G#\n    Ooo \n\n    F#               G#             D#m\n    Došlo je vreme, vreme da kažem zbogom \n    F#               G#              D#m\n    Došlo je vreme, vreme da živim s tobom \n\nA#m                     D#m\nKoga tu vidim ja u ogledalu,\nA#m                      G#             D#m\nŽenu koju neko guši, kafu joj sa stola sruši\nA#m                            D#m\nOtkad se nije dobro naspavala,\nA#m                     G#                  D#m\nPropadne joj noć u svađi, budi dobar pa je nađi\nFm\nHeeej\n\n    Refren ', 0),
(16, 1, 'Azra', 'Balkan', ' G              Am                   C        Em\nJednog dana nema me da nikada ne dođem,\n      G          Am            C             Em\nPrijatelje koje znam ne poznajem kad prođem.\n      G            Am        C                 Em\nKao da me nikada na svijetu nije bilo,\n      G            Am   C         Em\nKao da me njezino tijelo nije htilo.\n\nG              Am             C               Em\nMoja pjesma miruje, a furala bi furke,\n      G            Am          C         Em\nLepe dekle moderne ne padaju na zurke.\n      G               Am               C          Em\nBrijem bradu, brkove da ličim na Pankrte,\n      G               Am            C       Em\nJoš da imam fendera vidio bi svirke.\n\n    Refren 2x\n    G         Am     C       Em\n    Balkane, Balkane, Balkane moj,\n         G          Am          C        Em\n    Budi mi silan i dobro mi stoj!\n\n       G             Am    C            Em\nMi smo ljudi cigani, sudbinom prokleti,\n      G             Am      C             Em\nUvijek neko oko nas dođe pa nam preti.\n      G            Am       C         Em\nNi bendovi nisu više kao što su bili,\n      G      Am         C          Em\nMoj se amaterski priprema da sviri.\n\n    Refren 2x', 0),
(17, 1, 'Babe', 'Ko me tero', 'Am         G           C   E \nSticajem čudnih okolnosti\nAm         G           C   E \ndok sam tonuo u dosadu\nAm         G           C   E \nruku spasa si mi pružila\nAm         G        Am  G \ntime si me ti zadužila.\n\nZnao sam da si prevrtljiva\ni na onu stvar nasrtljiva\no tebi sam čuo zao glas\nkako posrneš za tili čas.\n\n    Refren 2x\n    Am          G\n    Ko me ter\'o da te volim?      \n          C E                      \n    Ko me ter\'o?                   \n    Am          G                     \n    Ko me ter\'o da te volim?       \n    Am G (E7)        \n    Ko me ter\'o?                  \n\nMajka mi je lepo branila\nda iz kuće izlazim tad ja.\nAli ja je nisam slušao,\ntebe sam te noći probao.\n\nMorao sam tebe probati,\nmorao sam jer sam bio lud.\nMorao sam sebe kazniti,\nmorao sam nisam imao kud.\n\n    Refren 2x\n', 0),
(18, 1, 'Baja Mali Knindza', 'Duni vjetre', 'Am                   G\nDrhte ruke, oko moje plavo,\nDm          F        G\nOj, rakijo, odnio te djavo.\nAm                        G             //   \nMlad sam momak, velika je steta,        //\nDm          F        G                  // x2\nSto po mozgu rakija mi seta.            //\n\n    Refren 2x\n    Am-G  /Am-Am/ /Am-Am--G--G /Am-Am\n    Du-ni,vje-tre, ma-lo pre-ko je-tre.\n    Am-G  /Am-Am/ /Am-Am--G--G /Am-Am\n    Du-ni,vje-tre, ma-lo pre-ko je-tre.\n\n    Dm                Dm\n    Umrijecu od bola, umrijecu od bola\n    Dm        F      G   Am\n    Izgorjelo sve od alkohola.\n\nAm                   G\nTrosio sam cajeve od nane,\nDm          F        G\nAli nisam zalijecio rane.\nAm                   G                  //\nRakija se priblizila dusi,              //\nDm          F        G                  // x2\nCrna mi se dzigerica susi.              //\n\n    Refren 2x\n\nNekako bih mog\'o bez duvana \nbez rakije ne mogu ni dana \nrakija me uzela pod svoje \nsad mi pare konobari broje.\n\n    Refren 2x', 0),
(19, 1, 'Baja Mali Knindza', 'Prepelice', 'Am       C          G        Am\nPrepelice,prepelice saranijeh krila\nAm       C          G        Am\nPrepelice,prepelice sarenijeh krila\nDm          F             C       Dm\njesil skoro,jesil skoro u Zabrdju bila\nDm          F             C       Dm\njesil skoro,jesil skoro u Zabrdju bila\n\nJesam brate,jesam brate bas sam juce bila\njesam brate,jesam brate bas sam juce bila\ntamo nema,tamo nema Srpskog oficira\ntamo nema,tamo nema Srpskog oficira\n\nNema brade, duge kose da padne niz lice\nnema brade, duge kose da padne niz lice\nziv je Mando, ziv je Mitar dok je Majevice\nziv je Mando, ziv je Mitar dok je Majevice\n', 0),
(20, 1, 'Bajaga', 'Moji su drugovi', 'Uvod: Am E7 Am C G C F C F C E7\n\nAm                     E7\nMoji su drugovi biseri rasuti\n         Am\nPo celom svetu\n         C              G\nI ja sam selica pa ih ponekad\n          C\nSretnem u letu\n           F                 C\nDal\' je to sudbina il ko zna šta li je\n           F                C\nKad god se sretnemo uvek se zalije\n        E7                          Am\nUvek se završi s nekom od naših pesama\n\nMoji su drugovi, žestoki momci\nvelikog srca\nI kad se pije i kad se ljubi\ni kad se puca\n\nGore od Aljaske do australije\nKad god se sretnemo uvek se zalije\nuvek se završi \ns nekom od naših pesama\n\n    Refren\n           G                        C\n    Da smo živi i zdravi još godina što\n          G                          C\n    Da je pesme i vina i da nas čuva bog\n           G                        C\n    Da su najbolje žene uvek pored nas\n             E7                           Am\n    Jer ovaj život je kratak i prozuji za čas\n\nZa moje drugove ja molim vetrove\nZa pune jedra\nPuteve sigurne a noći zvezdane\nI jutra vedra\n\nDal\' je to sudbina il ko zna šta li je\nKad god se sretnemo uvek se zalije\nUvek se završi s nekom od naših pesama\n\n    Refren\n', 0),
(21, 1, 'Bajaga', 'Ti se ljubis', 'H             \nNekad se plašim da te pozovem \n  E       \nDa te probudim \n           F#        H  \nDa te probudim i poželim    \n  \nSamo ti spavaj na zrnu graška \nSa svojim snovima \nSa svojim snovima srebrnih močvara    \n \n    Refren\n              E      \n    Jer ti se ljubiš na tako dobar način \n          H       \n    Nemaš pojma koliko mi značiš \n          E     F#             H \n    Nemaš pojma kako mi nedostaješ \n  \n	U mojoj glavi sve me podseća na tebe \n	Nemam prava da te zadržim za sebe  \n	nemam prava da te zadržim     \n \nNekad me nema po pet šest dana \nDa te ne sretnem \nDa te ne sretnem i ne pokleknem \n \nA gledam iza svakog ugla \nDa se pojaviš \nDa se pojaviš da me pokupiš\n\n	Refren', 0),
(22, 1, 'Bane Bojanic', 'Pola vino pola voda', 'Am        Dm\nRecite mi drugovi\nG             E7\ngde se gresan nalazim\nAm         Dm   \nkako posle ljubavi\nG            E\nda vam tuzan ozdravim\n\nAm        Dm\nRecite mi drugovi\nG             E7\ncijim carstvom caruje\nAm         Dm   \njer od njene nevere\nG            E\ni trezan se napijem\n\n    Refren 2x\n    G          Am\n    Pola vino, pola voda\n    G             Am\n    sve se ljulja osim poda\n    G           Am\n    nema nje da otrov doda\n    G           Am\n    da me kupi, da me proda\n\nAm        Dm\nRecite mi drugovi\nG             E7\nkako da joj srecu dam\nAm         Dm   \nkad joj srce ne cuje\nG            E\nda je pesmom dozivam\n\nAm        Dm\nRecite mi drugovi\nG             E7\ncijim carstvom caruje\nAm         Dm   \njer od njene nevere\nG            E\ni trezan se napijem\n\n    Refren 2x', 0),
(23, 1, 'Bijelo Dugme', 'Milovan', 'G\nNema kalendar, nema jer ne pjeva bar\n  C         D       G \nNece zima, voli septembar\nG\nSevdah, nista rock, ima cura radi cmok\n    C      D        G   \nMama nema ima tata jok\n\n    Refren 2x\n    C         G \n    Milo-Milo-Milovane\n    C         G\n    Imas kuca nemas dom\n    C         G     \n    Milo-Milo-Milovane\n    A            D\n    Hoces neces, ti si grom, grom\n\nG\nNema kalendar, nema jer ne pjeva bar\n  C         D       G \nNece zima, voli septembar\nG\nSevdah, nista rock, ima cura radi cmok\n    C      D        G   \nMama nema ima tata jok\n\n    Refren 3x\n', 0),
(24, 1, 'Bojan Bjelic X Indy', 'Ekspresno', 'Dm---------------------\nU levoj ruci, viski s ledom\n-----------------------\nu desnoj, tvoja haljina\n---------------------------\ni sta da uzmem, kojim redom\nBb--------------C-Dm\nhop, hop, nisi ti naivna\n\nDm-----------------------\nNemoj da glumis mi neznanca\n----------------------------\ni ti si kao neshvacen\n-----------------------------\nimam za tebe zenskog mamca\nBb---------------C-Dm\nhop, hop, i bices uhvacen\n\nGm------------C------------\nNocas mi se ne izlazi iz stana\nBb---------A\nhaljina mi zguzvana\n\n    Refren \n    Dm-------------------------\n    Neki rekli bi da je pornografija \n    ----------Bb-s-------\n    ma, neka nam se desi \n    C-------------Dm/D/Dm\n    dok smo mladi ti i ja\n    Dm----------------------------\n    daj da radimo te stvari nesvesno\n    Bb---------C---------------Dm/D/Dm\n    a ujutru svako svojoj kuci ekspresno\n\nDm/D/Dm    Dm/D/Dm\nEkspresno, ekspresno\n\nOd donjeg vesa nemam nista\nZelja me oblacila\nA neka krpica na meni\nSta, sta, sta bi ti znacila\n\nMolim Boga da me smire\nSamo tvoji dodiri\nA ispod mire djavo viri\nSta, sta da ti se uradi\n\nDa mislim koja ce doci posle tebe\nStvarno nema potrebe\n\n    Refren 2x\n\nNocas mi se ne izlazi iz stana\nHaljina mi zguzvana\n\n    Refren 2x', 0),
(25, 1, 'Bojan Tomovic', 'Na distanci', 'Fm\nDaleko je Beograd\nD#               Fm  C#-D#\njos dalje je jutro\nFm                                  \nzamalo za volanom ja da zaspim\nD#                  G#\nkad ti udje u moj auto\n\n           C#                \nPitas me, mogu li da zapalim\nFm                       C#\nsediste da spustim ako nije problem\nFm\nneku muziku da pustim\nD#\nmozes, draga devojko\nC# - D#                  Fm\nal\' to nije preporucljivo\n\nPrevise me podsecas\nna moju bivsu dragu, da znas\ndelujes mi pristojno\nsto uopste ti stopiras\n\nPitam te, sta ako sam manijak\npa te spopadnem budem grub i neprijatan\ns puta skrenem\nne znas sta je sinoc bilo\nC#- D#                    Fm-D#\nnikada se ne ponovilo\n\n    Refren\n    Fm                          G#\n    Draga me je prevarila a ja kao da \n    D#                         C#   D#\n    jedina je, pa se celo vece opijam\n    Fm                       G#\n    plavi momci, neki drugi put\n                   D#                        \n    nek\' kazne me popio sam mnogo\n    C#                  D#\n    da zaboravim na sve\n\nNe teraj me da neduznoj tebi naplatim\ngde nadje na nju da licis nisi kriva ti\ndobro drustvo vec dva dana nisam nikome\nna distanci budimo, bolje je za oboje\n\nKazes, isti slucaj sa mnom\nupravo sam ostavljena\nko nas dvoje sastavi\npa i ti si prevarena\n\nKazes mi, nemoj i ti molim te\ndosta mi vas je\nzar su svi muskarci isti, a ja kazem ne\nna distanci budimo, bolje je za oboje\n\n    Refren 2x ', 0),
(26, 1, 'Boza Nikolic', 'Marija', '    Refren 2x\n    C--------\n    Marija, Marija\n    Am---------G\n    vino mi nocas prija \n    G--------\n    Marija, Marija\n    Dm-F-G-Am\n    nikada ti i ja\n\nAm----------------\nPlakao sam kao dete \nC------------------\nkad me slike na nju sete \nG----------------\nvino pijem svake noci \nDm----F   -G   -Am\ncrno kao njene oci\n\n    Refren 2x\n\nAm----------------\nVoleo sam ludo, ludo\nC------------------\nhej, Marija, moja tugo\nG----------------\nvino tocim svake noci\nDm----F   -G   -Am\ncrno kao tvoje oci\n\n    Refren 2x', 0),
(27, 1, 'Brzi', 'Podigla me iz pepela', 'C\nSto sam boze tako proklet\nDm         Am\nJuce pijan danas opet\nC\nSto me nece kad je htjela\nDm          Am\nDa me digne iz pepela\n\n    Refren 2x\n    C    G     Am\n    Podigla me iz pepela\n              C\n    I malo mi srece dala\n               Dm\n    Pa me opet bez milosti\n    G       Am\n    U pepeo zakopala\n\nSto sam boze tako proklet\nJuce pijan danas opet\nKad me nece kad me laze\nSto je oci svuda traze\n  \n    Refren 2x\n\nSto sam boze tako proklet\nJuce pijan danas opet\nKad me nece i ne voli\nSto me dusa za njom boli\n\n    Refren 2x', 0),
(28, 1, 'Ceca', 'Autogram', 'Am         C          G      F\nPamtiš li kad sam te za sebe vezala\nAm         C          G      F\nNisi tu, al te još nisam odvezala\nDm                Em     G\nKo ti je rekao da nismo zajedno?\n\n    PREDREFREN\n                Am         F     C \n    Mozes da me neces i da teras me\n    G          Am       F       C\n    to u mojoj glavi ne racuna se\n    G         Am    F        C\n    Gospodine moj nisam samo broj\n    G            Am     F      C\n    o ljubavi se tu radi velikoj\n\n    REFREN 2x\n    Am\n    I da nisi jesi\n    F\n    Još si sa mnom ti u vezi\n    C\n    I da nećeš hoćeš\n    G\n    Nije važno s kim si, gde si\n    Am\n    Sa hiljadu žena,\n    F\n    sa jednom ili sasvim sam\n    C                              G\n    na tvom je srcu moj autogram.  \n\nAm         C        G        F\nSa kojim pravom se jos nisi javio\nAm         C     G      F\ntu gde sam dosla nisi pojavio\nDm                Em     G\nko ti je rekao da nismo zajedno\n\n    PREDREFREN\n\n    REFREN 2x', 0),
(29, 1, 'Dar Mar', 'Daj mi vina da se napijem', '    Refren\n    G#\n    Daj mi vina da se napijem\n    G#\n    daj mi casu da je razbijem\n        F#                G#\n    daj mi snage da zaboravim\n\nG#\nKad si rekla da me ne volis\nG#\nkad si rekla da me ostavljas\n    F#                G#\nkad si rekla da zaboravim\n\n    Refren \n\nVrati mi se slatki otrove\nvrati mi se zeljo jedina\nja ne mogu da zaboravim\n\nOko mene ljudi sretni su\noko mene ljudi vole se\na ja moram da zaboravim\n\n    Refren', 0),
(30, 1, 'Darko Filipovic', 'Trebas mi', 'C#m------------------------------F#m\nPogledaj kako drhtim kada gledam te\n------H------------------------E-------\ni kao da si poslednja na svetu ne dam te\n\nC#m------------------------F#m\nPogledaj moje oci sve ti govore\n---------H---------------------E-----\nkada te nema uvek pomislim na najgore\n\n--F#m-----------E-----------\nI telo grci se i ruke znoje se\nF#m-----------------------H-\nA u stvari znam da volis me\n\nC#m------------------------------F#m\nPogledaj kako drhtim kada gledam te\n------H------------------------E-------\ni kao da si poslednja na svetu ne dam te\n\n--F#m-----------E-----------\nI telo grci se i ruke znoje se\nF#m-----------------------H-\nA u stvari znam da volis me\n\n    Refren 2x\n    E--------------------\n    Trebas mi, trebas mi\n    -----------------------H----------\n    ni sunce zemlji kao ti meni, meni\n    ----------------------A ---------\n    i hajde, dodji, pa me uveri, uveri \n    ---------------------E---\n    da sumnje ne bude u meni\n\n    --------H----------E\n    trebas mi, trebas mi\n\nZamisli kako mi je kad se probudim\nkako mi srce lupa kad na tebe pomislim\n\nI sumnja javi se sa srcem bori se\na ustvari znam da volis me\n\n    Refren 2x', 0),
(31, 1, 'Davor Badrov', 'Ja baraba sve joj dzaba', 'Gm\nDugu kosu rasplela je\nEb\nCijele noći plesala je\nBb        F7   Gm\nSve do pola tri\nGm\nGledala me ispod oka\nEb                         F\nKlela se da nema momka\nCm      Bb   Gm\nU krilo sjela mi\n\nGlumio sam da se stidim\nOno lafo da ne vidi\nStari muški fol\nVodila me gdje je htjela\nSamo kući nije smijela\nSutra teško njoj\n\n	Refren\n	Gm            Bb\n	Tebe dušo majka čuva\n	Cm             F7  Gm\n	Od ovakvih kao ja\n	Bb           Cm\n	A, ne vidi u tvom oku\n	Eb              F     Gm\n	Zaljubljena srca dva\n\n	Ja baraba, sve joj džaba\n	Ukrašću te moja vilo\n	Ja baraba, sve joj džaba\n	Dođi sjedni mi u krilo\n\nDesilo se pravo cudo\nzavoli me ona ludo\nvise ne pijem\nono sto ti majka radi\nuvjek je na levoj strani\nsrce ne krije\n\n	Refren', 0),
(32, 1, 'Dejan Matic', 'Burma', 'Dm\nDanas zenim drugu zenu\nGm                Dm\na tebe sam zenit hteo\nDm                      //\nzavaravam samog sebe    //\nC                  Dm   // 2x\nlazem da sam preboleo   //\n\n    Refren 2x\n    Dm             A  Dm\n    Krijem suzu izdajicu\n    Gm          F        Bb\n    roman srece u njoj pise\n    Dm          A        Dm\n    tvoju burmu drugoj dajem\n    Gm        F    Bb\n    a iz oka liju kise\n\nDm\nZasvirase pesmu nasu\nGm             Dm\nzanemese usne moje\nDm                      //\nnemam snage da zapevam  //\nC               Dm      // 2x\nu pesmi je ime tvoje    //\n\n    Refren 2x\n', 0),
(33, 1, 'Dejan Matic', 'Dozvola za ljubav', 'F#m\nPosteno bi bilo\nHm\nDa ostanem u zivotu\nF#m\nBez prava na srecu\nC#m7-------------D\nI bez prava na lepotu\n\nF#m\nLjubio sam druge\nF#m------Hm\nVarao sam nju pred svima\nF#m\nA bila je ono\nD-----------C#m------F#m\nSto se samo jednom ima\n\n	Refren\n	-------------E--\n	Dozvola za ljubav\n	Hm---------E------\n	Nek mi bude oduzeta\n	A-------E-D------E------------\n	Kad sam je isterao iz svog sveta\n	A--------E--Hm--------E-------\n	A zbog mene jednu zenu dusa boli\n	A-----E--D---------C#-------F#m\n	Ne daj te nikom vise da me voli\n\nKrivica je moja\nsto je ikad zaplakala\na ona je kriva\nsamo sto je mene znala\n\nRecite da gresi\nako cuva uspomene\nostavljena nije\nnego spasena od mene\n\n	Refren', 0),
(34, 1, 'Dejan Matic', 'Ona je moja', 'Am                                            F\nZasto je drugovi sve ove godine\nG\nskrivate od mene\nAm                F\nja menjao bi sve zene i zlatnike\nG\nda ljubim ruke njene\n\nDm       C\nJer srce ume da pravu oseti\nDm       C\npa poput orla visoko poleti\nAm           G\nziv sam od kada imam\n     Am\nza koga umreti\n\n	Refren\n	E                        Am\n	Ona je moja, samo moja\n	F                    G\n	ona me ljubi najbolje\n	     Am\n	kad\' oci sklopim ja je vidim\n	F                     C      G\n	kako u krilu ljulja andjele\n\n	G Am\n	Ona je moja, samo moja\n	F	   G \n	slusam je kako uzdise\n	G      Dm7\n	sa druge strane kreveta je tu\n	F            Am\n	pa sve na ljubav mirise\n	G	                   Am\n	Pa sve na nju mi mirise\n\nProlaze drugovi, noci i svitanja\ni nije mi zao\nsto usne umorne od dugih lutanja\nsamo njoj sam dao', 0),
(35, 1, 'Dima', 'Nije mene duso ubilo', 'Dm                 C\nNema nama sna dušo umorna\n            B             Dm\njer u našim venama teče sudbina\nDm                     C\nSudbine su naše reke duboke\n         B            Dm\nvelike i široke, bez obale\n\n    Refren 2x\n    Dm                C\n    Nije mene dušo ubilo\n       B           Dm\n    ubilo vino rumeno\n    Dm                    C\n    Ubila me ljubav tvoja neverna\n          B                 Dm\n    neverna, nek\' si prokleta\n\nOvaj život, život više nije\nzašto da se krije, znaš da tako je\nJa bez tebe ne umijem da trajem\ni da puno dajem, sve je gotovo\n\n    Refren 2x', 0),
(36, 1, 'Dino Merlin', 'Ako me ikada sretnes', 'Em\nako me ikada sretneš u ovom ukletom gradu\n       D              C            Em\nostani mirno na istoj strani pločnika\nEm\nne stavljaj ruke na lice, nemaš što od mene kriti\n      D             C           Em\nglavu gore, nama je ljubav lozinka\nEm       Am         Em             Am      Em\nne pitaj je li pravedno što nas je prekrio mrak\nEm                                         D\nni to što nismo zajedno, pusti suzu daj mi znak\n            G      D                G      D\nda još nije prestalo, da nikad neće prestati\n           Am    Em            G      D\nmogu proći stoljeća, mogu ti i umrijeti\n\n             G      D                G      D\nA ti me nisi prestala, i nikad nećeš prestati\n             Am    Em             G     D\nljeta, zime, proljeća, za tebe ću zivjeti\nEm\ni pjevati\n\nEm                   \nljubav je slijepa i luda, ne zna za boga ni suda\n           D              C         Em\nal’ lijepo pjeva i lijepo dušu odijeva\nEm\nako me ikada sretneš ne stavljaj ruke na lice\n      D               C        Em\nstavi smijeh iz stare razglednice\nEm\nne pitaj je li pravedno što nas je prekrio mrak?\nEm                                         D\nni to što nismo zajedno, pusti suzu daj mi znak\n            G      D                G      D\nda još nije prestalo, da nikad neće prestati\n           Am    Em            G      D\nmogu proći stoljeća, mogu ti i umrijeti\n\n             G      D                G      D\nA ti me nisi prestala, i nikad nećeš prestati\n             Am    Em             G     D\nljeta, zime, proljeća, za tebe ću zivjeti\nEm\ni pjevati', 0),
(37, 1, 'Dino Merlin', 'Da je tuga snijeg', 'Hm                                        F#m  \nJa ne znam gdje si ti, ja ne znam s kime si ti\nHm                F#m             G  \nu ovoj noci kada se sve dijeli napola\nHm      A  \nosim bola\n\nja ne znam gdje si ti i nikad necu saznati\nda li si nasla skloniste, kucicu i dvoriste\nživota svoga.\n\n	Refren\n	A               Hm  \n	eh, da je tuga snijeg\n	Hm               F#m  \n	da se do jutra otopi\n	Hm                 F#m  \n	mogao bih i ja konacno\n	             G  \n	kad oci zatvorim\n	Hm           A  \n	da se ne umorim\n\n	A             Hm  \n	Da je tuga brijeg\n	Hm              F#m  \n	pa da je vjetar ogoli\n	Hm               F#m \n	ja ne bih mogao ni tad \n	                  G   \n	k\'o sto ne mogu ni sad\n	       Hm           \n	da te prebolim\n\nDaljine nisu to sto se mom srcu cinilo\nkad je hudo mislilo da je sasvim dovoljno \nda ti cuje glas\n\nDaljine nisu to sto se za dusu primilo\npusta su to polja nade i barikade \nizmedju nas\n\n	Refren', 0),
(38, 1, 'Dino Merlin', 'Kad si rekla da me volis', 'G                  Am\nti nikad nisi ni u sali\n     C               G\no ljubavi sa mnom probala\nG                Am          C\nuvijek si neke odlikase kraj sebe\n            G\nk\'o cuke vodala\n\nG               Am\nal\' ko sem Boga zna\n        C               G\nkada gvozdje postaje grozdje\nG               Am\nal\' ko sem Boga zna\n       C          G\nodakle to i kako dodje\nG                    Am   (C   G)\nkad si rekla da me volis    \n\nPRVA STROFA\n\nG\nal\' ko sem Boga zna\nA                     C\nda l\' si budna il\' spavas\n          G             D\nimas li pojma gdje sam sad\nA               C\nda l\' ti ista znaci ako cujes\nG                  F\nda dolazim u onaj grad\n\n    Refren\n                        Am\n    kad si rekla da me volis\n          C               G\n    prvi put kad si rekla to\n                  Am\n    da ti tijelo gori\n              C           G\n    kao sto nikad nije gorilo\n                        Am\n    kad si rekla da me volis\n          C               G\n    prvi put kad si rekla to\n                         Am\n    kad si rekla da me volis\n\nG               Am\nal\' ko sem Boga zna\n        C               G\nkada gvozdje postaje grozdje\nG               Am\nal\' ko sem Boga zna\n       C          G\nodakle to i kako dodje\n\nG\nal\' moja dusa zna\nA                     C\nda l\' si budna il\' spavas\n          G             D\nimas li pojma gdje sam sad\nA               C\nda l\' ti ista znaci ako cujes\nG                  F\nda dolazim u tvoj grad\n\n    Refren', 0),
(39, 1, 'Dino Merlin', 'Laku noc moja mala barbiko', 'Gm\nSanjam sleces na moj prag\nGm\nja prostirem svilen sag\nF\ntvoja mokra stopala\nDm\nsad bi tako plesala\n\nsanjam kisu crven krov\nda se budim kao nov\nsanjam davno sanjano\nsto mi nije sudjeno.\n\nPrsti djeradan za tvoj vrat\nmlade usne vode rat\ni sve teze podnosim\nsto te vrijeme odnosi.\n\nIde ko zna koja zima\nna put oko svijeta\nlazu te kad kazu\nda sam sretan.\n\n    Refren 2x\n    A# F  A#       F\n    La ku noc moja mala barbiko\n          A#             F\n    dzaba sve, al ja sam na te naviko\n        D#     Cm\n    usnama slucajno\n        Gm    F     Gm\n    ali srcem beskrajno', 0),
(40, 1, 'Dino Merlin', 'Sve je laz', '            Em         D\nTi budi daleko ti samo budi daleko\n       C                      B7\nzelena rijeko davnih momackih snova.\n              Em           D\nJa sam se zareko ja sam se davno zareko   \n         C                        B7     \nda u moj zivot nikad nece useliti nova.\n\n    Refren \n           Em              D\n    Sve je laz, samo pusta laz\n               C  Am       B7\n    sto se oko naas u krug vrti.\n           Em              D\n    Sve je laz, samo pusta laz,\n           C  Am      B7   B7/F#\n    sve je laaz osim smrti,ooo...\n\n             Em           D             \nJa nisam bio tu ne, ne ja nisam bio tu,\n   C                            B7\nte noci kad su, kazu je vidjeli s njim.\n             Em               D\nJa nisam bio tu NE, ne, ne ja nisam bio tu\n   C                          B7\nal znam da lazu sve i ne vjerujem im.\n\n    Refren\n\nB7/F#   G             D           C             B7\nMoje su ruke, moje je sve cvalo i listalo, zbog nje.\n        G       D           C              B7\nmoje su oci, umorne sjale i blistale, zbog nje.\n\n    Refren', 0),
(41, 1, 'Divlje Jabuke', 'Krivo je more', 'G             Am\nTi, ti si ga upoznala\n  C             G\njedne ljetnje veceri\nG           Am\nOn, on te poljubio\n  C         G\ndok more se pjenilo\n*** (6) 3-2-0 ***\nEm           D\nI ti si se zaljubila\n  Em               D\nmada nisi htjela to\n \n    Refren\n    C         G\n    Krivo je more.\n    G             Am\n    Znaj, ljeto je varljivo\n      C             G\n    a srce ti zavodljivo\n\nG           Am\nKuci kad si dosla ti\n  C         G\nznala si da si u zabludi\n*** (6) 3-2-0 ***\nEm           D\nA to vece uz mora sum\n  Em               D\nod srece sva si blistala\n\n    Refren', 0),
(42, 1, 'Divlje Jagode', 'Kap po kap', 'Am                    G             Am \nJednom kad sretneš me to neću biti ja\nAm                G          Am\nVeć samo usponeme mrve sećanja\nC           G   D      Am       \nSamo prazna bol sad je ostala\nC      G   D          (prelaz 1)\nPrazna bol kajanja\n\nE              F \nI sta radiš ti nije važno mi \nG       C       E        (Prelaz 2)\nTe kiša jesenja podseća\n\n    Refren\n    Am     F        C     G  \n    Kap po kap kiša sprema se \n    Am                  F      C        G      (Prelaz 3)\n    Samo da znaš nisam lud da mislim na tebe\n    Am         F   C          G \n    Kap kap po kap opet padat će\n    F                  Am\n    Te duge kiše jesenje\n\nAm               G             Am \nJednom kad dani ovi fino posive\nAm                G          Am\nne zovi mene ti i ne traži me\nC        G    D       Am       \nHladno srce meni dala si\nC      G   D          (prelaz 1)\nhladno srce, ostani\n\nE              F \ni s kim sada si, nije važno mi\nG       C       E        (Prelaz 2)\njer kiša jesenja, podsjeća\n\n    Refren\n\nI šta radiš ti, nije važno mi\njer kiša jesenja, podsjeća ', 0),
(43, 1, 'Djani', 'Da li znas', 'Hm\nDa li znas, da li znas, da li slutis \nda ces s njim kao dunja da pozutis\n(2x strofa)\n\nEm         A         Hm\nOd pocetka pravi ti probleme\nEm          Av         Hm\nsvakog dana ljubomorne scene\nEm           A          Hm\nbolje dodji, budi pored mene\nG       F#\nkao nekada\n\n	Refren 2x\n	           A      Hm\n	Zbog tvojih golih kolena\n	         A     Hm\n	pamet se moja pomera\n	        A         Hm\n	kad si za ljubav stvorena\n	       Em A    Hm\n	dodji i budi voljena\n\nHm\nDa li znas, da li znas, da li slutis \nda ces s njim kao dunja da pozutis\n(2x strofa)\n	\n	Refren', 0),
(44, 1, 'Djani', 'Ja slobodan ona neverna', 'Hm--------A\nUsetala je sigurno\n------Em--------------A----------Hm\njedan pogled na nju i vec se desilo\n--Hm--------------A\na mislio sam, gotovo\n------Em----------A---------Hm\nda se zaljubim ja, necu ponovo\n\nF#--------------------------------------F#-F#-F#-F#-F#\nLopte vatrene bacila mi je hej cuvaj se \n\n    Refren\n    ---------Em------------Hm\n    Ja slobodan, ona neverna\n    --------D-------------------------A\n    dva-tri kratka pica mesto kremena\n    ------Em------------Hm\n    i pao sam ja na lice to\n    -----G----------A---Hm\n    brzo pao pa se razbio\n\n    ---------Em------------Hm\n    Ja slobodan, ona neverna\n    --------D---------------------A\n    malo reci, a jos manje vremena\n    ----Em---------------Hm\n    na noc sam je ja pozajmio\n    -------G----------A---Hm\n    teska srca sam je vratio\n\nHm----------------A\nJa i sad po gradu trazim je\n------Em--------------A----------Hm\nnjenim mirisom ja u zoru budim se\n--Hm--------------A\na mislio sam, gotovo\n------Em----------A---------Hm\nmoje srce je za, za ljubav zaspalo\n\n    Refren 2x', 0),
(45, 1, 'Djani', 'Jos te sanjam', 'Hm----------\nPio ili ne pio\nHm------------------\nsvakako sam pijan ja\nD--------------------------\nnoge teze su od olova\nG---------------\nKrio ili ne krio\nG----------------\nSvako vec odavno zna\nA----------------------------\nda si moja bolest jedina\nA--------Em---------\nzasto to ne sprecis\nEm------A--------\njer ti se ne lecis\n\n    Refren 2x\n    Hm-------------A------------Hm--\n    Jos te sanjam, jos me misli vuku\n    D-------------A7-------------D---\n    kako prsten stavljam ti na ruku\n    Hm-------------A--------G----\n    preda mnom u belo obucena\n    G---------------A----------Hm-\n    jos te sanjam, a tudja si zena \n\nHm-----------\npio ili ne pio\nHm--------------\nmene kuci odvode\nD-------------------------\nu moj zamak napusten i siv\nG---------------\nkrio ili ne krio\nG------------------------\nsvaki put me pogode\nA-----------------------------\nkad ti kazu da sam svemu kriv\nA--------Em---------\nzasto to ne sprecis\nEm------A--------\njer ti se ne lecis\n\n    Refren 2x', 0),
(46, 1, 'Djani', 'Sve mi tvoje nedostaje', 'C#m\nSanjao sam da si kraj mene\n        A\ni da mi opet pripadas sva\nH               A\nsanjao sam to i molio nebo\n      C#m\nda me ne budi iz sna\n\nSad odlazim pod prozore tvoje\nda ugledam te samo na tren\nda ogrejem dusu, da oteram tugu\ntako sam i ostavljen\n\nA\nNisam nasao mir ni sa jednom od sto\nH\nsamo dublji je vir sto me vuce na dno\n\n    Refren\n    C#m                 A\n    Sve mi tvoje nedostaje\n    H                   G#\n    otkad se bez tebe budim\n    C#m                 A\n    sve mi tvoje nedostaje\n    H                   G#\n    bojim se da ne poludim\n\n    Sve mi tvoje nedostaje\n    trazim oci kao tvoje\n    sve mi tvoje nedostaje\n    vrati mi se, milo moje\n\nA cinio sam gluposti mnoge\nda oteram te od sebe ja\nni slutio nisam da volim te vise\nod zivota, malena\n\nSad odlazim pod prozore tvoje\nda ugledam te samo na tren\nda ogrejem dusu, da oteram tugu\ntako sam i ostavljen\n\nNisam nasao mir ni sa jednom od sto\nsamo dublji je vir sto me vuce na dno\n\n    Refren', 0),
(47, 1, 'Djomla', 'Gajba puna piva', '    Refren 2x\n         E       H    C#m    A\n    Moja draga i ja i gajba puna piva\n    suncan dan , ma sve nam je milina\n    danas na plazi muzika svira , svira\n    svi se krecu i svako igra , igra\n\nTu je Ivana, tu je I Marko\nzvala me Marija , dolazi i Zarko\nvoda je topla , vreme je super\nidemo posle da vozimo skuter\n\ndodji i ti, popi jedan somerzbi\ntu sam i  ja , pijem gajbu jelena\n \nDanas necu da radim\ndanas je na plazi pazim\ntu je draga i tu su mi drugari\nmnogo riba ima kao da je kasting\ndodji na pice jer ja te castim\n\nLjudi moji da li je ovo moguce\nsta se ovo desava, gde smo stali .\nA da , jen , dva , tri ...\n\n    Refren\n\nSvud oko mene zgodne , lepe zene\njebi ga , ja sam zauzet\nzgodne zene , prave mi provleme\nimam jednu a hocu pet\n\nDok pesak przi stopala\njedna me je spopala\nako me draga bude videla\nna planet drugu idem ja, pa sta …\n\n    Refren 2x', 0),
(48, 1, 'Dragana Mirkovic', 'Pecat na usnama', 'D#m----C#---H---------------C#\nI--------dem, danas je nedelja\nD#m----C#------------D#m\nne oprastam tvoja nedela.\n\nG#m----------H------------\nTi zivi zivot da se oporavis\nC#---------------------\ni da me jednom zaboravis.\n\n    Refren 2x\n    D#m------C#-------------\n    Nosi moj pecat na usnama\n    H-----------------C#--------------\n    mada nije podobno varaj me slobodno\n    D#m-------C#----------------\n    karmin se s kosulje lako pere\n    H---------C#-------D#m\n    al\' nikad ruke od nevere.\n\nD#m-----------C#----------\nNema me vise u tvom krevetu\nH-------------D#m\nna to nisi racunao\nD#m-------------C#---------\ni da si konacno u srcu mom\nH----------D#m\nmesto izgubio.\n\nG#m----------H------------\nTi zivi zivot da se oporavis\nC#---------------------\ni da me jednom zaboravis.\n\n    Refren 2x', 0),
(49, 1, 'Dzej', 'Sunce ljubavi', 'D\nKad pogledam iza sebe\nC\nsve je crno osim tebe\nG                      D\njedina si svetla tačka ti\n\nD\nBio sam na krivom put\nC\nsto grehova u minutu\nG                     D\nonda kad ti nisi bila tu.\n\n    Refren 2x\n           Hm\n    Trezan shvatih iz prve\n       F#m\n    da sve su sem tebe\n         G                       D\n    bile kurve kojih sam se stideo\n         Hm\n    A ni ja nisam svetac \n        F#m\n    vec običan slepac\n             G\n    što kraj oba oka nije video\n          D\n    Da si ti\n            A   G          D\n    samo si ti, sunce ljubavi\n\nNi sad ne znam šta sam hteo\nmožda nisam bio zreo\nda se nekom nesebično dam\n\nImale su moje telo\ni od pica mokro celo\na na kraju ipak ostah sam\n\n  Refren 2x\n  ', 0),
(50, 1, 'Dzenan Loncarevic', 'Nikome ni rec', 'Am           G   Em           Am\nKoliko želim te, toliko nemam te,\nAm              G     Em           Am\ni svaki korak s njom, ka tebi vrati me.\n\n    Refren 2x\n    Am        Dm       G         C\n    Nikome ni rec, kad potonem u bol,\n    Am           Dm    Em        Am\n    da voleo sam te, a nisam bio tvoj.\n\nAm           G   Em           Am\nI šta nam ostaje od ove ljubavi,\nAm              G     Em           Am\nkad ono najlepše nismo doživeli.\n\n    Refren\n\nEm              Dm    Em              Dm\nDa izdržim ovaj mrak, da preživim ovu noc,\nEm             Dm  Em             Am\nne bi mi osvanulo, bez tebe osvanulo.\n\n    Refren \n\nAm           G   Em           Am\nNikome kad znaš da nisam bio jak,\nAm              G     Em           Am\ni samo laku noc poželi mi za kraj.', 0),
(51, 1, 'Dzenan Loncarevic', 'Pitam te', 'Em           Hm      Em    \nKo bi se nadao da moze \nAm    Hm  Em\nDa me pogodi \nEm           Hm      Em\nDa tako brzo ispod koze \nAm  Hm Em\nOna useli \n\nEm           Hm      Em    \nDovoljan je samo pogled \nAm    Hm  Em Hm Em Am Hm Em\nJa vec sam bio njen \n\nEm           Hm      Em\nKo bi se nadao da moze \nAm  Hm Em\nDa se dogodi \nEm           Hm      Em\nOd takve kao ti se pamet \nAm  Hm Em\nBrzo zavrti \n\nEm            Hm     C \nRekla si vodi me odavde \nAm   Hm   Em Hm C Am\nBudi malo fin \n\nEm             Hm     C\nBoli me sve od ove gladi \nAm  Hm     Em    \nKao da sam lud \nEm           Hm      C\nI srce prestaje da radi \n\n    Refren\n          Em Hm Am\n    Pitam te \n                  Em  Hm Am\n    Ima li malo nade \n            Em  Hm Am\n    Da imam te \n                           Em Hm Am\n    Na jedan dan da te ukradem \n          Em\n    Pitam te \n\nKo bi rekao da mogu \nDa se zaljubim \nZa jedan tren sa tobom \nRazum izgubim \n\nRekla si vodi me odavde \nVodi me na more \n\nBoli me sve od ove gladi \nKa da sam lud \nI srce prestaje da radi \n\nRefren\n\nPitam te \nIma li malo nade \nDa imam te \nNa jedan dan da te ukradem \nPitam te ', 0),
(52, 1, 'Flamingosi', 'Ludi letnji ples', '    Refren \n    Fm     D#      C#   C\n    Paris, London, Lissabon\n    Fm     D#      C#   C\n    Kiew, Moscow, Prag and Rome\n    Fm     D#      C#   C\n    Kopenhagen, Bukurest\n    Bbm   C      Fm\n    crazy summer dance.\n\n    Fm     D#      C#   C\n    Berlin, Madrid, Amsterdam\n    Fm     D#      C#   C\n    Stablin, Dublin, Lichtenstein\n    Fm     D#      C#   C\n    Istanbul and Budapest\n    Bbm   C      Fm   Bbm   C      Fm\n    ludi letnji ples, crazy summer dance\n', 0),
(53, 1, 'Galija', 'Kotor', 'Am                            Em    G   Am\nDrsko je imala godina koliko Kotor vekova\nAm                              Em     G Am\nU sebe sam je sakrio,ko strogu tajnu cuvao\n      F      G  Am       F       G   Am         //\nKako usnama miluje,kako prstima sapuce          // 2x\n\nAm                            Em    G   Am\nU zemlju snova smo otisli,kupine poljupcima delili\nAm                              Em     G Am\nBila je kraljica dodira,moja radost nocima\n      F      G  Am       F       G   Am         //\nKako usnama miluje,kako prstima sapuce          // 2x\n\nC                   G            E         Am/G\nCarobnjak je bila,u kosi je krila opojne mirise\nC                G            E\nStalno se secam,Kotoru vracam da opet osetim\n     F       G  Am       F      G   Am          // \nKako usnama miluje,kako prstima sapuce          // 2x', 0);
INSERT INTO `songs` (`id`, `user_id`, `author`, `name`, `chords`, `times_played`) VALUES
(54, 1, 'Hanka Paldum', 'Ali pamtim jos', 'Cm\nProlazi moja mladost\nD#\ndolaze druga vremena\nFm                      //\nono sto je nekad bilo   //\nD#     A#      Cm       // 2x\ntoga sada vise nema     //\n\n    Refren 2x\n        D# A#  Cm\n    Ali pamtim jos\n        D#      \n    one livade, one rijeke\n    Fm\n    one sume i puteljke\n    Cm\n    staru majku dok se smije\n    A#         Gm     Cm\n    i ognjiste dok me grije\n\nCm\nSada imam sto sam htjela\nD#\no cemu sam nekad snila\nFm                          //\ntrebalo bi da sam srecna    //\nD#     A#      Cm           // 2x\na ja sam to nekad bila      //\n\n    Refren 2x\n\nCm\nDosli su novi dani\nD#\ndrugim se zivotom zivi\nFm                          //\nuzela sam sto sam htjela    //\nD#     A#      Cm           // 2x\ndrugi mi nisu krivi         //\n\n    Refren 2x', 0),
(55, 1, 'Haris Dzinovic', 'Dajte vina hocu lom', 'Dm                                       \nKad me noći samog ostave\n             D7         Gm \nMjesec opet sa mnom luduje\n                    A\nZora čeka moje svatove\n                    Dm A\nJa joj pjevam, ona ne čuje\n\n    Refren 2x\n      Dm      D7           Gm\n    Dajte vina hoću lom\n    C                F\n    dajte cigane za sto\n    Dm           D7        Gm\n    nek sviraju, nek me razbole\n         A                 Dm A\n    kad me njene oči ne vole\n\nDm      \nMoja duša srna ranjena\n             D7         Gm \nnemoj da je lažeš, pusti je,\n                    A\nmoja ljubav tajna čuvana\n                    Dm A\nhoće srce da se napije\n\n    Refren 2x', 0),
(56, 1, 'Indy', 'Bato bre', 'Em-------C----D7-----Em--\nVrti život ko severac krug\nEm-------C----D7-----Em--\ntebi treba žena kao jug\na--------Em--a----------Em-\nda te ugreje, da te nasmeje\nC---------D---------\nda ti bude, da ti bude\nC---------D------Em--\nda ti bude i žena i drug\n\n    Refren \n    Em---------------D-----------G-\n    A gde žuriš, a gde žuriš, bato, bre\n    Em---------------C----D-----Em\n    a gde žuriš, najbolje ti godine\n    Em-----------------G-----------\n    a gde žuriš, šta ceš nocas napolju\n    a---------------Em--------C---D----------Em\n    sedi gde si, zato jesi, sedi, ljubi najbolju\n\nEm-------C----D7-----Em--\nVrti zivot kao momak los\nEm-------C----D7-----Em--\nsve nas trosi i trosice nas jos\na--------Em--a----------Em-\ndaj, bre, ostani, sa mnom osvani\nC---------D---------\nda ti budem, da ti budem\nC---------D------Em--\nda ti budem i zena i drug\n\n    Refren 2x', 0),
(57, 1, 'Ipce Ahmedovski', 'Oci crne, oci plave', 'D         Em\nVolele se crne oci\nD    A  G     Hm\nSa ocima plave boje\nD         Em\nPlave oci prevarise\nD           A\nJer ljubavi prave\nG        Hm      A\nDavno ne postoje\n\n    Refren\n    Hm                   E     A\n    Oci plave, oci plave ljube drugoga\n    A                  G    A   Hm\n    Oci crne, oci crne nece nikoga\n    Hm                      E      A        //\n    Boli, boli kad se voli, kad se luduje   //\n    A                      G     A (!) Hm   // 2x\n    zasto mora, zasto mora da se rastaje    //\n\nHm                   E        A\nObecase jedno drugom u zanosu srece\nA                        G    A   Hm\nda ih niko, da ih niko rastaviti nece\n(2x strofa)\n\n    Refren\n\nHm                   E     A\nVolele se crne oci sa plavima ludo\nA                  G    A   Hm\nsad su suze u ocima tugo moja, tugo\n(2x strofa)\n\n    Refren', 0),
(58, 1, 'Jovan Perisic', 'Jos sam uvek onaj stari', 'Dm----------------Am\nNikada se promeniti necu\nD------------------G\nprobao sam, ali islo nije\nDm----------------Am                //\nkad pozove moje drustvo staro       //\nD------------------G                // 2x\nbolestan bi morao da pijem          //\n\n    Refren\n    C---------------G----Am\n    Jos sam uvek onaj stari\n    D--------------------------G\n    jos me vreme pregazilo nije\n    Am----------------D---G         //\n    sta je covek onoga trenutka     //\n    Am------------D-------G-        // 2x\n    kad prestane da ljubi i pije    //\n\nDm----------------Am\nNek\' se peva, veseli i ljubi\nD------------------G\nvino neka potocima lije\nDm----------------Am                //\nod kafana i od lepih zena           //\nD------------------G                // 2x\njos se niko umorio nije             //\n\n    Refren\n\nDm----------------Am\nTakav bicu sve do sudnjeg dana\nD------------------G\ni da mogu, menjao se ne bi\'\nDm----------------Am                //\nda jos jedan poklone mi zivot       //\nD------------------G                // 2x\nopet isto uradio sve bi\'            //\n\n    Refren', 0),
(59, 1, 'Jovan Perisic', 'Moje najmilije', 'Am\nGrešan sam prema tebi bio\nF                     G\nJoš uvek skupo placam ceh\nAm              Em\nBez cilja lutam pogrešne ljubim\nG               Am\nIdem iz greha u greh\n\nF              C\nKo da se posle tebe\nAm           G\nLjubavi nove bojim\nAm                  Dm\nJer ja sam onaj što uvek\n                Am\nUci na greškama svojim\n\n    Refren 2x\n    Am               Dm\n    Rado te se setim ljubavi stara\n    G                            Am\n    Jer me svaka nova ljubav razocara\n    Dm                Am\n    Još zaborav vreme donelo mi nije\n    G                 Em          Am\n    Još o tebi maštam moje najmilije\n\nAm\nPola zivota ja bih dao\nF                     G\nŽalio ne bih jedan tren\nAm              Em\nDa opet ljubim te oci crne\nG               Am\nBez njih sam ja izgubljen\n\nF              C\nKo da se posle tebe\nAm           G\nLjubavi nove bojim\nAm                  Dm\nJer ti si jedini razlog\n                Am\nDa zivim i postojim\n\n    Refren 2x', 0),
(60, 1, 'Jovan Perisic', 'Samo jednom srce voli', 'Dm----------------Gm--\nSamo sam jednom ljubio\nB----------C--Dm\nJednom sam voleo\nDm------------------Gm-\nJednu sam ljubav imao\nB---------C-------Dm-\nU jednoj vatri goreo\n\n    Refren\n    Dm----------------Gm-\n    Samo jednom srce voli\n    C----------------F---\n    Samo jednom dusa boli\n    F----------------------     // \n    Sve ostalo sve je lazno     //\n    Gm---------------------     //\n    Sve ostalo nije vazno       // 2x\n    B-----------C-------Dm-     //\n    Sve ostalo sve je lazno     //\n\nDm----------------Gm--\nSamo sam jednom voleo\nB----------C--Dm\njednom sam ljubio\nDm------------------Gm-\njednu sam ljubav imao\nB---------C-------Dm-\ni jednom sve izgubio\n\n    Refren\n\nDm----------------Gm--\nJednom sam snove sanjao\nB----------C--Dm\njednom sam voleo\nDm------------------Gm-\njednu sam ljubav imao\nB---------C-------Dm-\nnisam je jos preboleo\n\n    Refren', 0),
(61, 1, 'Jovan Perisic', 'Sunce se radja', '    Refren\n             B                 Cm\n    Sunce se radja u tvojim ocima\n             B                  Cm\n    zivot se budi na tvojim usnama\n            B                    G#\n    kako da zivim sa svojom sudbinom\n            D#    B          Cm\n    kada zauvek umirem u srcu tvom\n\nCm                   \nKo ume da cuva ono sto ima\nB\nsrecan je cak i u dugovima\nG#                         \nod mene srecniji svi su sada\nF               G                           \njer moja ljubav drugom pripada\n\nSta ce mi srce, bez srca sam bio\nvarao tebe, sebe prevario\nne vide oci nista osim mraka\nti si za dvoje uvek bila jaka\n\n    Refren 2x\n\nKo voli - da zivi razloga ima\ntaj slobodan je i u okovima\na ja na ovom svetu sasvim sam\nbez tebe kazna mi je svaki dan\n\n    Refren 2x', 0),
(62, 1, 'Katarina X Amig', 'Vino po vino', '    Refren 2x\n    Gm                Dm\n    Vino po vino i prođe subota\n    F\n    al meni isto je\n    C\n    ti boliš me baš fino\n    Gm                 Dm\n    priča se priča da vreme leči sve\n    F\n    al meni isto je\n    C\n    ja lečiću se vinom\n\nGm                   Dm\nNe stoji jednoj dami da sedi u kafani\nF\ni pije noćima\nC\ntako joj idu dani\n\nGm                  Dm\nA niko živi ne zna da za tobom patim\nF\nvisoka je cena\nC\nkoju ću da platim\n\n    Refren \n    \nGm           Dm\nSeti se mene kad drugu pogledaš\nF\nkad malo šećera\nC\nkrene ti kroz vene\nGm           Dm\nkako je bilo kad smo se voleli\nF\nsve drugo ništa je\nC\npokazaće nam vreme', 0),
(63, 1, 'Lepa Brena', 'Beli se beli', 'C\nAko sam ikad tebe lagala\nEm\nnek mi to bude laz poslednja\nC\nni ovu suzu, beli biser moj\nEm\ni to mi uzmi, i daj zeni toj\n\n	Refren \n	Em----------------------D\n	Beli se beli, moj beli biseru\n	-------------------------Em\n	reci mu reci da sam na umoru\n	Em----------------------D\n	Beli se beli, moj beli biseru\n	-----------------------C-D-Em\n	reci mu reci da sam na umoru\n\nAko te nisam stvarno volela\nsvaka me sreca tri put proklela\ni ovu suzu, beli biser moj\ni to mi uzmu, i daj zeni toj\n\n	Refren\n\nAko te moja ljubav bolela\nda Bog da nikad ja ne volela\ni ovu suzu, beli biser moj\ni to mi uzmu, i daj zeni toj\n\n	Refren\n\n', 0),
(64, 1, 'Lepa Brena', 'Luda za tobom', 'Dm            Bb         C\nDolaze divlji dani u tuđini \nBb         C               Dm\nA ti treperis negde u daljini \nDm                 Bb           C\nKo sjajna zvijezda hladna i daleka \nBb        C     Dm\nJoš si mi preka potreba \n\nVeć dugo slušam neke prazne priče \nI sve mi laži baš na tebe lice \nRuku na srce razloga je malo \nDa bi se s tobom ostalo\n\n    Refren\n    Dm            F\n    Luda za tobom šta se tu može \n    C                Gm    Dm\n    Kad još te čuvam ispod kože \n    Dm            F\n    Luda za tobom a tebi smeta \n    C                Gm    Dm\n    Što bi zbog tebe i na kraj sveta \n\n    Dm            F\n    Luda za tobom šta se tu može \n    C                Gm    Dm\n    Kad još te čuvam ispod kože \n    Dm            F\n    Luda za tobom a tebe briga \n    C                Gm    Dm\n    Tebi je ljubav samo igra\n\nU ovoj sobi previše je mraka \nHoću da bežim ali nisam jaka \nJer tebe volim čak i kad se svetim \nPoželim da ti doletim \n    \n    Refren', 0),
(65, 1, 'Louis', 'Slike u oku', 'Am             G  \nDolaziš ti korak ti znam\nC                          G  \nSusret sa tobom tolko mi ulepša dan\nDm              Am  \nDa više ne znam ni sam\nE               Am  \nDa možda nije san\n\nAm                  G  \nZagrljaj moj poljubac tvoj\nC                           G  \nSumnje sad nemam nije to nikakav san\nDm              Am  \nTo dobro osetih ja \nE               Am  \nu svojim grudima\n\n    Refren 2x\n    E  \n    U tvome oku slike su jasne\n    Am  \n    Srećna ćeš živeti\n    G  \n    Kolika je sad tu uloga moja\n          G7    C/A\n    Neću te pitati\n    Dm          E    Am   G      F  \n    Dovoljno je to kad mi kažeš ti\n    Dm               E     E7   Am  \n    Dragi bez tebe ne mogu živeti\n\nZnaju nas svi na uglu tom\nZnaju i vreme kad ces me grliti\nPo nama ravnaju sat \nu ovim nocima\n\nZivot je lep priznajem to\nO nasoj sreci oni ce pricati\nTu smo se rodili mi\nTu i zavoleli\n\n    Refren 2x\n    ', 0),
(66, 1, 'Magazin', 'Dani su bez broja', 'Dm\nNisam nikom sve do danas,\n                    C    B\nrekla ovo, a sad cu naglas,\nDm\nsad cu vikat nek se cuje,\n                C    B\nneka svijetom odjekuje,\nDm\nne znam da l\' sam mrtva il\' ziva,\nDm\nod kad si mi skinuo krila,\n                    C       A\nne sjecam se da sam sretna bila.\n\n    Refren\n    Dm                  F\n    Dani su bez broja, imena i boja\n    Gm                  B\n    od kad nisam tvoja ja,\n    C            A     Dm\n    od kad nisam tvoja ja,\n    Dm               F\n    pjesma galebova, mora preko mora\n    Gm           B  C          Dm   D\n    al\' bez tebe ja ne mogu ni koraka,\n    Gm           B  C       A   Dm\n    al\' bez tebe ja ne mogu ni koraka.\n\nDm\nLjubav vice na sva zvona\n                C   B\nsve da hoces nece ona\nDm\nnece proci svijetom sutke,\n                  C   B\nsvuda nosim njene zvuke,\nDm\nne znam da l\' sam mrtva il\' ziva,\nDm\nod kad si mi skinuo krila,\n                    C       A\nne sjecam se da sam sretna bila.\n\n    Refren\n    ', 0),
(67, 1, 'Magla Bend', 'Neka me do zore', 'D             Dm\nNeka, neka me iznesu \nAm \nne znam ja adresu \nBb\nvozi bio gde \n\nGm                Dm\nNe valja ovaj dan ne valja ova noc \nBb          C   Dm\nnista mi ne ide drugovi upomoc \n\nGm\nA srecu smo delili o deci mastali \nDm                Gm          Dm\no rominge placali kad smo se rastali \n\n    Refren \n    Am           A \n    Ko je kome tu bio sve \n    Bb \n    i ko pati sto onoga \n    Am\n    drugoga nema \n\n    Dm              Bb \n    Neka neka me do zore \n    C\n    nek splavovi gore \n    Dm        Am\n    gore celu noc \n\n    D             Dm\n    Neka, neka me iznesu \n    Am \n    ne znam ja adresu \n    Bb    C\n    vozi bio gde \n     Dm     C\n    Najbolje do nje \n        Dm\n    Najbolje do nje\n\n\nSada me pitaju \nda li bih ponovo \ntesko je bez tebe \ntesko ko olovo \n\nA srecu smo delili \no deci mastali \no rominge placali \nkad smo se rastali \n\n    Refren ', 0),
(68, 1, 'Magnifico', 'Samo malo', '    Refren 2x\n    Am   E\n    Samo malo\n    Am          E\n    malo bi\' te tak\'o\n    Am         E\n    malo, necu jako\n    H7           E\n    malo bi\' te, samo \'nako\n\nAm        E\nKada tebe vidim ja\nAm         E        Am   E\nide svet u djavola, joj\nAm          E\nsuknjica ti malena\nAm         E       Am   E\nvide ti se kolena, joj\n\nDm\nSvake noci sanjam da si moja sva\nE\ni svakog bi\' dana da te ljubim ja\n\n    Refren 2x\n\nKada tebe gledam ja\nhvata me ljubomora, joj\nti imas neku cudnu moc\nmili Boze upomoc, joj\n\nDm\nSvake noci sanjam da si moja sva\nE\ni svakog bi\' dana da te ljubim ja\n\n    Refren 2x\n    ', 0),
(69, 1, 'Medeni Mesec', 'Djavolica', 'Am                    G    F\nKo da te djavo na mom srcu naslika.\nAm         G        F\nTi si moja losa navika.\nAm              G    F          //\nTi si igra koja nema pravila.   //\nAm            G        F   G    // 2x\nBeli dan bi u crno zavila.      //\n\n    Refren 2X\n    Am                G \n    Eh da nisi tako lepa.\n    C                G \n    Da od tebe lepse ima.\n    Dm          Am \n    Ne bi ljubav bila slepa,\n    G         F  Am   G  Dm  Am \n    Od suza u ocima.\n\nAm                      G       F\nPred tvojim pogledom, i sunce postidi se.\nAm         G       F\nNema sjaja kao oci te.\nAm                 G        F       //\nB ispod lepog lica vreba djavolica  //\nAm          G       F   G           // 2x\nCiji pogled lako opije              //\n    \n    Refren 2x', 0),
(70, 1, 'Miladin Sobic', 'Kad bez tebe prodje dan', 'Em      D          Em  \nKad bez tebe prodje dan\nC              Am  \nosjecam se bolestan\nC                Am         //\nboli dusa, drhti dlan       //\n        H7          Em      // 2x  \nkad bez tebe prodje dan     //\n \nEm      D          Em  \nKad bez tebe prodje noc\nC              Am  \nne treba mi tad pomoc\nC                Am         //\nboli dusa, drhti dlan       //\n        H7          Em      // 2x\nlutam tesko bolestan        //\n \n    Refren 2x\n    Em    D   C D G \n    Kako da ti kazem to\n    Am                  Em\n    nasa veza ima cudnu cud\n\n    ako neko ode\n    C    D            C    G       \n    odnijece dobro, ostavice zlo\n    Am        H7       Em  \n    kako da ti kazem to\n \nEm      D          Em  \nA kad s tobom prodje dan\nC              Am  \nniko ko ja radostan\nC                Am         //\ntopla dusa, topal dlan      //\n        H7          Em      // 2x\nkad sa tobom prodje dan     //\n\n    Refren 2x ', 0),
(71, 1, 'Miladin Sobic', 'Ne pokusavaj mjenjat me', 'Am          Asus2         Am\nNe pokusavaj mijenjat\' me,\nDm         Dsus2       Dm\nOvo je ipak moja glava,\nAm         Asus2        Am\nKad joj se budi nek joj se budi,\nDm         Dsus2       Dm\nKad joj se spava nek joj se spava.\n\nNe pokusavaj mijenjat\' me,\nOvo su ipak moje ruke,\nSamo mi znamo kolko smo skupa,\nMucili srecu,mucili muke.\n\nNe pokusavaj mijenjat\' me,\nOvo je srce oduvijek sa mnom,\nKol\'ko smo samo krvavih puta,\nIsli po brdu isli po ravnom.\n\nNe daj da tebe mijenja neko,\nBudi do kraja to sto jesi,\nA ako mislis da smo daleko,\nNemoj put mene, bolje ostani gdje si.\n\nZnam da ovako mnogim ne godim,\nAl\' ja sam citav stao u vene,\nZnam dobro zasto ratove vodim,\nMuski su muski, zene su zene.\n\nJa kad nekog vidim da gubim,\nZasuzi oko,ali ne placem,\nOnog kog ljubim do daske ljubim,\nA znam da se igram ostrim brijacem.\n\nAli kad s torbom naumim negdje,\nNoge mi neces vezati nicim,\nNema tih para za moje cijene,\nPriznajem kako ciganu slicim.\n\nJa imam kicmu celicnu sinu,\nNe volim kada glava mi pada,\nS njom spajam zemlju i visinu,\nI kad se leti i kad se strada.\n\nNe daj da tebe mijenja neko,\nBudi do kraja to sto jesi,\nA ako mislis da smo daleko,\nNemoj put mene,bolje ostani gdje si.\n\nNe pokusavaj mijenjat\' me\nOvo je ipak moja glava,\nKad joj se budi nek joj se budi,\nKad joj se spava nek joj se spava.\n', 0),
(72, 1, 'Miladin Sobic', 'Od druga do druga', '    Refren 2x\n    Em\n    Od druga do druga,\n       D\n    Od drage do drage,\n       C\n    Od grada do grada,\n       Em\n    Provodim vijek\n\nRasut u komade\nvezan samo pjesmom\nsebi i zivotu \ntrazim smisao i lijek \n\n    Refren\n\nSa mukom pod rukom\ntrazimo nadu u padu\na gadja me aplauz\ngadja me smijeh\n\n G       D        Em\nPonekad mislim na ono vrijeme\n G       D        Em\nsvi racuni kad se svode \n G       D        Em\ni kad sunce mirno zaspi \n G       D        Em\nkad presahnu moje vode\n\nTad cu morat\' i ja stati \nmozda i ja u kafani \nuzalud cu pjesmom zvati \nda se vrate ovi dani \n\n    Refren 2x\n\nPonekad mislim na ono vrijeme \nsvi racuni kad se svode \ni kad sunce mirno zaspi \nkad presahnu moje vode\n\nTad cu morat\' i ja stati \nmozda i ja u kafani \nuzalud cu pjesmom zvati \nda se vrate ovi dani \n\n    Refren 2x\n', 0),
(73, 1, 'Miladin Sobic', 'Opet krivi tip', 'Am                          G\nOpet krivi tip,nov ljubavni peh,\n            F/G(pauza)          Am\nmimo svakog reda,nesto nam se ne da.\n\nAm                          G\nLuda zenska glava,ili visa sila,\n            F/G(pauza)          Am\nmimo svakog reda,nesto nam se ne da.\n\n    Refren\n      Am              G      \n    ma sto da pjevam sad,\n                 Am\n    Kad to svako zna.\n                  F/G(pauza)\n    Sto mi znacis ti, \n                    Am\n    A sto ti znacim ja?\n\n      Am              G      \n    ma sto da pjevam sad,\n                 Am\n    Kad to znaju svi.\n                 F/G(pauza)\n    Jedno osjecam ja,\n                  Am\n    Drugo osjecas ti.\n\nAm                          G\nUglavnom krive zenske,uglavnom mnogo graje,\n            F/G(pauza)          Am\nKace se za mene ko klinci za tranvaje.\n\nAm                          G\nA gdje su prave zene? Na srce jagnje laje.\n            F/G(pauza)          Am\nHocu da se kacim i ja ko klinci za tranvaje.\n\n  Refren 2x', 0),
(74, 1, 'Milan Stankovic', 'Nepopravljivo', '    Refren \n    Cm-------------G#----------------Fm--\n    Nepopravljivo, nepopravljivo sam lud\n    ---------------------G#--------Cm-\n    lud za tvojim telom, tvojim usnama\n    ---------------G#----------------Fm--\n    nepopravljivo, nepopravljivo sam tvoj\n    ------------------G#-----B---Cm\n    nocas umro bih na tvojim rukama\n\nG#-----------B--------------Cm\nToliko usana vrelih sam probao\n-------------------------------\ntolike snove sam do zore prodao\nG#-----------------B------------Cm\nnisam kraj ljubavi prave ni prosao\nG#-----------B--------------Cm\nod prvog pogleda, od prvog dodira\n-------------------------------\nsve se promenilo, sve se okrenulo\nG#-----------------B------------Cm \nk\'o da sam lavinu s\' tobom pokrenuo\n\n    Refren 2x\n\nI ja sam lutao, i ti si lutala\ni ja sam ljubio, i ti si ljubila\nnije nam sudjeno bilo sa drugima\nod prvog pogleda, od prvog dodira\nsve se promenilo, sve se okrenulo\nk\'o da sam lavinu s\' tobom pokrenuo\n\n    Refren 2x', 0),
(75, 1, 'Milica Todorovic', 'Tri case', 'Cm---------\nNi ove noci\n--------D#-----A#----------\nnecu da placem zbog sitnica\n-----Cm------\nnema tih para\n---------D#--------A#---\nda osmeh sakrijem sa lica\n\n    PREDREFREN \n    Cm-----------------------\n    Ceo svet sam pod stiklama\n    D#-----------------\n    ceo zivot na iglama\n    Fm------------------\n    pa donesi pice curama\n    G7---------------------------G\n    neka vide svi ma svakoj po tri\n\n    REFREN\n    Cm-----------------------\n    Prvu pijem da zapocne noc\n    D#---------------------------\n    drugu pijem jer nisi vise moj\n    Fm-------------------------\n    trecu casu za ljubavi stare\n    --Cm------------A#-------------------\n    za ljubavi nove sve case nek se slome\n\n    Cm-------------------\n    Prvo nisi preboleo me\n    G#----------------------\n    drugo i da jesi briga me\n    D#-------------------------\n    po tri pica za najlepsi sto\n    Fm----------------A#-----------Cm-\n    ako nekom smeta ma briga nas za to\n\nCm---------\nNi ove noći,\n--------D#-----A#---------- \nnemoj u oči da me gledaš\n-----Cm------\nNeće pomoći, \n---------D#--------A#---\nvidećeš samo da me nemaš\n\n    PREDREFREN\n\n    REFREN\n    ', 0),
(76, 1, 'Milos Bojanic', 'Oci zelene', 'Am-----------------\nSta sam Bogu zgresio\nDm-----------\npa su meni sve\n-----------F-----\ntvoje lepe zelene\nG-------Am \noci neverne (2x strofa)\n\n    Refren\n    Am------------\n    Prvo me ocarale\n    Dm-------Am---\n    pa me razocarale\n    Dm-----F-----\n    te tvoje zelene\n    G-------Am \n    oci neverne\n\n    Am------------\n    Samo su me varale\n    Dm-----------Am---\n    i bol su mi stvarale\n    Dm-------F-----\n    te tvoje zelene\n    G-------Am \n    oci neverne\n\nDusu su mi uzele\nslomile su me\ntvoje lepe zelene\noci neverne (2x strofa)\n\n    Refren\n\nDanima i nocima\nsanjam kao pre\nte tvoje zelene\noci neverne (2x strofa )\n\n    Refren 2x', 0),
(77, 1, 'Ministarke', 'Duni vetre', 'Dm-------------------\nZnaj, spremna bila sam,\n-------------------\nda kazem kriva sam,\n--------------\ni kad me zgaziš,\nG7-C-----------\nkao komad papira.\n----------------\nNisam se štedela,\n--------------\nmalo ti vredela,\nB----------------G--\njer sam te ludo volela\n\n    Refren\n    Dm------------\n    Duni, duni vetre,\n    F----------C---\n    najjače što znaš,\n    Gm----------\n    nosi ovu tugu,\n    B---C----Dm-\n    ako Boga znaš.\n    Dm-------------\n    Padni, padni kišo,\n    F--------C\n    da se ne vide,\n    Gm------Dm-----\n    suze kad pokvase,\n    B----C---Dm\n    moje obraze\n\nSve sam ti puštala,\na nisam slušala,\nsve dobre ljude,\nkad mi kažu o tebi.\nDa si za mene loš,\nda druge ljubiš još,\nda si me sto put izdao...\n\n    Refren 2x\n    ', 0),
(78, 1, 'Mirzino Jato', 'Apsolutno tvoj', 'Am        G\nApsolutno tvoj, apsolutno moj\nAm          G             F\nsamo mi smo taj genijalan spoj\n          C    G        Am\napsolutno tvoj život je moj\nAm          G\npermanentno moj, permanentno tvoj\nAm         G              F\nsamo ti si taj specijalan broj\n            C    G        Am\npermanentno tvoj život je moj\n\n    Refren \n    C         Dm     G\n    apsolutno moj si broj\n    F         G      Am\n    apsolutno ja sam tvoj\n    C         Dm     G\n    genijalan mi smo spoj\n    F           G    Am\n    permanentno biću tvoj\n\n    Apsolutno moj si broj\n    apsolutno ja sam tvoj\n    specijalan mi smo spoj\n    permanentno biću tvoj\n\nApsolutno tvoj, apsolutno moj\nsamo mi smo taj genijalan spoj\napsolutno tvoj život je moj\npermanentno moj, permanentno tvoj\nsamo ti si taj specijalan broj\npermanentno tvoj život je moj\n\n    Refren\n\nApsolutno moj si broj, broj\napsolutno ja sam tvoj, ti si moj\nspecijalan mi smo spoj, spoj\npermanentno biću tvoj.', 0),
(79, 1, 'Natasa Bekvalac', 'Nikotin', '---------------D#m\nSa devojkom si bio\n---------H--------------C#\njuce sam videla te slucajno\n-----------D#m\nisti ko i uvek\n----------H-------------C#  \njednu za drugom palis uporno\n\n----------D#m\nO zasto nisam\n----------H--------C#---A#\nti ja cigareta bez filtera\n----------D#m\nsamo da setam\n-----------H--------C#---A#\nod prstiju tvojih do usana\n\n    Refren\n    --------D#m\n    Kao nikotin\n    --------H----------C#--A#\n    ti jos teces mojim venama\n    -------------D#m\n    jos uvek te volim\n    ----------H----------------C#   \n    znaj, to nikad nisam prestala\n\n    --------D#m\n    Kao nikotin \n    --------H-------C#--A#\n    tako ubijas me lagano\n    -------------D#m\n    jer usnama tvojim\n    -----H------------C#   \n    ja navucena sam odavno\n    --------A#\n    Kao nikotin\n\nNa svakih pet minuta\nnova ti cigareta zatreba\ndodji preko puta\nu mom je srcu jedna kutija\n\nO zasto nisam\nti ja cigareta bez filtera\nsamo da setam\nod prstiju tvojih do usana\n\n  Refren\n', 0),
(80, 1, 'Nedeljko Bajic Baja', 'Pokazi zmijsko tijelo', '     G            A           Hm\nTako lepa, prosto pamet da ti stane\n     G          A         Hm\nlepo vaspitana, fina devojkaa\n      G         A           Em\ndanas te vrline smatraju za mane\n      G         A           Hm\nretko ko to zna da ceni kao ja\n\nKad te vidim, odmah proradi mi masta\ntako suptilna a tako opasna\npa bas zato daj da pokazemo svima\nda si savrsena, neka svako zna\n\n    Refren 2x\n    Hm      D            A       G        A\n    Pokaži svoje zmijsko tijelo, slobodno smjelo,\n    Hm \n    pohvali se kad imaš s cim\n    D         A       G       A\n    daj svima domaći zadatak, nimalo lak \n    Hm\n    nisi ti kriva što si mrak\n\nUvek nasmejana, poznata po sarmu\nosmeh tvoj od reci vise govori\nmana ti je sto nijednu nemas manu\npa ti covek lako dusu otvori\n\nKad te vidim, odmah proradi mi masta\ntako suptilna a tako opasna\npa bas zato daj da pokazemo svima\nda si savrsena, neka svako zna\n\n    Refren 2x', 0),
(81, 1, 'Neki To Vole Vruce', 'Teska vremena', '        Am           F\nNije mi važno što te ne znam,\n    G    Em\nal\' ipak popij samnom,\nAm            F\notkrit\' ću ti nešto,\n  G     Em  \no nečem prokleto davnom.\n\nC      Bb     C      Bb\nDugo je nema, dugo već idem k njoj,\nC       Bb\ni uvjek se bojim,\n   F    G     Am\nda neko drugi budi se kraj nje\n  F       G      Am\ni dovraga šaljem sve.\n\n  F       G       Am\nI hiljadu razloga glavom prolaze,\nF      G        Am\nkrenem i vraćam se.\n\n    Refren 2x\n    F     G       Am              F      G    Am \n    Teška vremena prijatelju moj, đavo ih odnio,\n    F     G       Am              F     G      Am\n    teška vremena prijatelju moj, nisam prebolio.', 0),
(82, 1, 'Nikola Rokvic', 'Zeljo moja', 'Hm                      A\nVece ka svom kraju brzo tece\nG\na mi na pocetku\nHm                         A\nproklet, proklet bio ko ti rece\nG\nda si za to mlada i da imas kada\nF#\nto je bilo nekada\n\n    Refren\n    D                  A\n    Zeljo moja, bas si dete\n    Em              Hm      A\n    s koje li si ti planete\n    D                     Em\n    kad ti je sve ljudsko strano\n    G            A     Hm\n    ma, nije ti, nije, rano\n\n    D               A\n    Opusti se pa mi pridji\n    Em                 Hm      A\n    s oblaka na zemlju sidji\n    D                Em\n    to ti je od Boga dano\n    G            A     Hm\n    ma, nije ti, nije, rano\n\nHm                      A\nGledaj malo bolje oko sebe\nG\ni mladje od tebe\nHm                         A\nnocas s momcima se ljube tajno\nG\ni bas im je sjajno nisi za to mlada\nF#\nsada ili nikada\n\n    Refren', 0),
(83, 1, 'Nino', 'Donesi divlje mirise', 'Hm--------------------\nTebe od ljudi skrivenu\nA------------------------\nu carstvu cvetnih livada\nG-------------------------\nza mene vecnog putnika\nF#m--------Hm-A-Hm-\nsacuvala je sudbina\n\nHm----------------------\nTebe za ljubav stvorenu\nA---------------------------\ndaleko od strasnih pogleda\nG-------------------------\nza mene vecnog putnika\nF#m--------Hm-A-Hm-\nsacuvala je sudbina\n\n    Refren 2x\n    D-------A-----Hm--\n    Donesi divlje mirise\n    --D-----A------Hm--\n    u moje puste odaje\n    ---Em------------------\n    od tvoga toplog dodira\n    --D-----A-----Hm-(G-A-Hm)\n    u meni vatra budi se\n\nCeo zivot sam lutao\ndo kraja sveta stigao\ndusu mi nemir razneo\ndok tebe nisam nasao\n\nSrce me moje vodilo\nkao u snu sam hodao \ndusu mi nemir razneo\ndok tebe nisam nasao\n\n    Refren 2x\n    ', 0),
(84, 1, 'Nino', 'Udahni duboko', 'Am          C\nDodje mi da kazem\nF      G    Am\nzbogom pameti\nD\nnekog bi\' da volim\nDm\nnekog bi\' da ljubim\nF       G    Am (bla 1st)\ndaj, to budi ti. (2x strofa)\n\n    Refren 2x\n    C        G\n    Udahni duboko\n    C            G\n    vidis da te hocu\n    C            G\n    najbolje se stvari\n    F    G   Am (bla 1st)\n    desavaju nocu.\n\nAm           C\nDodje mi da predjem\nF       G     Am\nbas sve granice\nD\ns\' tobom da poludim\nDm\ns\' tobom da se budim\nF      G      Am (bla 1st)\nhajde, smiluj se. (2x strofa)\n\n    Refren 2x\n', 0),
(85, 1, 'Nino', 'Usne vrele kao zar', 'Gm-------C\nSunce me probudilo\nF---------Gm\nA u glavi ludilo\nGm--------C\nko mi oci pijane\nD#-----F---Gm \nnocas ljubio\n\nGm-----------F\nlice da joj ne vidim \nCm-----------Gm\nglasa da joj ne cujem\nB---------Cm\nruke bi je poznale \nD#-----F---Gm\nda je zagrle\n\n    Refren 2x\n    F--------------Gm\n    Usne vrele kao zar\n    F-------------------Gm\n    da li je to s\' neba dar\n    F----------------Gm\n    znam da nije bio san\n    D#----F-----Gm\n    istu vatru osecam\n\nGm-------C\nNadjite je drugovi\nF---------Gm\nbolujem od ljubavi\nGm--------C\nsamo je dovedite \nD#-----F---Gm \nda me poljubi\n\nGm-----------F\nnebo nek\' progovori\nCm-----------Gm\nzemlja nek\' se otvori\nB---------Cm\nsamo je dovedite \nD#-----F---Gm\nda me poljubi\n\n    Refren 2x', 0),
(86, 1, 'Ok Band', 'A u medjuvremenu', 'Hm-----------------\nObis\'o sam pola grada \nA-------------------\nnoc je pocela da pada \nF#m---------------------G\nsvoju dragu da pronadjem ja \n\nHm-----------------\nBila mi je Bogom dana \nA-------------------\nsjajni biser okeana \nF#m---------------------G\nal\' je ipak s drugim otisla\n\n    PREDREFREN \n    Em---------------------\n    Vratice se znam kad tada \n    F#m----------------\n    jos u meni tinja nada \n    G--------------F#m\n    sve ce biti kao nekada\n\n    REFREN\n    ----------Em-----\n    B u medjuvremenu \n    -----------Hm----\n    naci cu joj zamenu\n    -----------A----\n    druga ce poludeti \n    F#m--------Hm\n    na mom ramenu\n\n    ----------Em-----\n    Zagrlicu drugove \n    -----------Hm----\n    pevacemo do zore\n    -----------A----\n    da mi zivot ne prodje \n    F#m--------Hm\n    dok mi ne dodje\n\nDa l\' je volim k\'o i tada\nil\' jos mozda vise sada\nni sam ne znam sta osecam ja\n\n    PREDREFREN\n\n    REFREN 2x\n    ', 0),
(87, 1, 'Osvajaci', 'S kim cekas dan', 'Am \nTopli trag na usnama \nAm \nmiris blag u grudima \nC      G          F Am \nsve me na tebe podseca \n\nAm \nNocas iz nistavila \nAm \nopet krece lavina \nC    G       F   Am \nsrce opet predoseca. \n\nDm Am          G      Am \nOoouoo sneg mi donosi zlo \nDm Am          F          G \nooouoo zar sam kriv ja za to. \n\n	Refren\n	C         G         C \n	Poslednji dah bi da dam \n	        G       Am \n	samo da mogu da znam \n	         F       G \n	kome sad dises u dlan \n	E7         Am \n	s kim cekas dan... \n\n	Sam sam i hvata me strah \n	a s neba beli ce prah \n	sakriti tragove sve \n	da ne nadjem te\n\nNeka svi me ostave \nneka me zaborave \nsve bih ja to preboleo \n\nAli necu nikada \nsjaj iz tvoga pogleda \nsamo tebe sam voleo\n\n	Refren', 0),
(88, 1, 'Plavi Orkestar', 'Odlazim', 'Am\nOtkad si otisla sav sam u suzama\nDm               Am\nopet boli stara rana\nAm\nOtkad si otišla sav sam u suzama\nDm               Am\nti si svjetlo moga dana\n\nDm\nNisu valjda dukati\nAm\ni njegovi pokloni\nG\nnekad nekad davno\nAm\ntebe meni oteli.\n\nJa sam srca ranjiva\nti si mala tvrđava\nne vidim ti oči\niza tvojih zidova.\n\n    Refren 2x\n         C        G\n    Odlazim, odlazim,\n          Dm       Am \n    sa planete putujem,\n    G    C        G\n    putujem, putujem,\n         Dm        Am \n    mjesecu se radujem.\n\nF         Dm        Am\nNikada se neću vratiti.\n\nNisu valjda dukati\ni njegovi pokloni\nnekad nekad davno\ntebe meni oteli.\n    \n    Refren\n    ', 0),
(89, 1, 'Poslednja Igra Leptira', 'Natasa', 'Am   F    G     Am\nUu - Aa - O o       // 2x\n\nAm               F    \nGledao sam belo jutro, \n G         Am\ndošlo je polako.\nAm             F    \nOteralo noćne ptice, \n G          Am\nsvanulo tek tako.\n\n    Dm                Am  \nAl ostao je ključ od stana, \n  Dm          Am\ni papir od čokolade.\nDm                    \nZaboravljen upaljač,\n    Am\nod soka prazna flaša,\nG       E7\nSve je tu\n\n    Refren 2x\n        Am       F      G   \n    A gde je Nataša muči me to     \n        Am       F      G   \n    A gde je Nataša joj joj joj joj  \n\nAm               F    \nPobego je žuti mesec, \n G         Am\notela ga zora.\nAm             F    \nNikom nije reko idem, \n G          Am\nvratiti se mora.\n\n    Dm                Am  \nAl ostao je ključ od stana, \n  Dm          Am\ni papir od čokolade.\nDm                    \nZaboravljen upaljač,\n    Am\nod soka prazna flaša,\nG       E7\nSve je tu\n\n    Refren\n    ', 0),
(90, 1, 'Prljavo Kazaliste', 'Kise jesenje', 'A                     D                  E\nNoćas mladi mjesec je, dobra večer dame sve\n                 A (Asus2 -A7sus4 - A)\nspuštam se u barove\n\nDolje neki klinac na klaviru našu pjesmu svira\ni to me grozno živcira\n\nMazni glas me pita imaš li vilu iznad Zagreba\nili auto s tamnim staklima\n\nE                   F#m\nHej curo, šećeru, nemam ja za večeru\nE                   F#m\nza malu vodku rakiju\nE                  F#m\nHej curo šećeru ja sam ptica nebeska\nE                  F#m  F#m-E\nI to je moja sudbina\n\n    Refren 2x\n    D          E         A                   D\n    Kroz moje prazne džepove vjetrovi mi prolaze\n            E  A             E\n    A kroz cipele kiše jesenje\n \nF#m   A      F#m    A\nO o o o o    o o o o o\n\nNoćas mladi mjesec je, dobra večer dame sve\nspuštam se u barove\n\nDolje neki klinac na klaviru našu pjesmu svira\ni to me grozno živcira\n\nHej curo, šećeru, nemam ja za vešeru\nza malu vodku rakiju\nHej curo šećeru ja sam ptica nebeska\nI kao takav umrecu \n\n    Refren 2x\n    ', 0),
(91, 1, 'Projekat Bend', 'Pazi se', 'Hm----------G-------------A-----------D\nZnam da je lepa, s pola grada šeta. \nHm----------G-------------A------D\nAl ti je druže nemoj voleti\nHm----------G-------------A-------D\nDo zore ona baci te pod sto. \nA------------Hm\nspremi se na to. \n\n    Refren 2x\n    G--------Em---------A------------Hm\n    Pa, pa, pazi se, ova mala gazi sve \n    G--------Em---------A------------Hm\n    Sa mnom bila je, kao vatra živa je. \n    Hm-----------G--------A----------Hm\n    Pamet ti pomuti i na zlo ti nasluti. \n    Hm-----------G--------A----------Hm\n    Jednu noć voli te, dve godine boli te. \n\nZašto si stao, pali kaži zdravo \nsve što si dao baciće na pod. \nPola te mazi, pola štiklom gazi. \nProšao sam to.\n\n    Refren 2x', 0),
(92, 1, 'Riblja Corba', 'Dva dinara druze', 'Am   Am9 Am10 Am9          Am     Am9 Am10 Am9\nDecurliji nasoj smisljasmo imena,\nAm    Am9    Am10  Am9        Am    Am9 Am10 Am9 \nVoleh je sve vise svaki bozji dan,\nC         G                   Am    Am9 Am10 Am9\nUbedih se najzad, to je prava zena!\nC           G          F \nZajedno smo stedeli za stan \nAm    Am9 Am10 Am9 \nStedeli za stan. \n\nSedeo sam tako sam za nasim stolom,\nSve sto iole vredi, palo je u vodu,\nOpet me je zensko napravilo volom,\nIgrao sam samo epizodu\nSamo epizodu\n\n    Refren\n    G    \n    Htedoh da zaurlam, strcao sam dole,\n    Am    Am10        Am10        Am9 \n    Nisam mog\'o da izdrzim duze,\n    G\n    Socijalni slucaj, pred vratima WC-a,\n    F                                        Am Am9 Am10 Am9\n    Rekao je - Dva dinara druze! Dva dinara druze.\n    G\n    \"Mala nuzda jedan, a velika dva,\"\n    Am       Am9        Am10   Am9\n    Pogledom ga sasekoh k\'o macem,\n    G\n    \"Izvinite molim\", pitao sam ja,\n    F                               Am Am9 Am10 Am9\n    \"Kol\'ko kosta kad unutra placem\"?\n\nSedeo sam tako sam za nasim stolom,\nSve sto iole vredi, palo je u vodu,\nOpet me je zensko napravilo volom,\nIgrao sam samo epizodu.\n\n    Refren', 0),
(93, 1, 'Riblja Corba', 'Kad sam bio mlad', 'Am                      G\nSa trinaest sam popusio prvu pljugu\nAm           G\nA posle prve odmah i drugu\n    G                 Am\nJer tad... tad sam bio mlad\n\nS četrne\'st sam popio prvo pivo,\na posle piva sam pio sve živo,\nJer tad... tad sam bio mlad\n\nG                  Am\nKad dobijem batine nisam kukao\nG             Am\nbio sam tucen i ja sam tukao\n    G                 Am\njer tad... tad sam bio mlad - 2x\n\nJa samo petnaest, ona ofucana\nFala joj, ali bila je tucana\nJer tad... tad sam bio mlad\n\nSa sesnaest sam prvi put ponavljao,\npobeg\'o od kuce i nisam se javljao\nJer tad... tad sam bio mlad\n\nG              Am\nMalo sam lagao bio sam nagao\nG            Am\nNikome racun nisam polagao\n    G                 Am\nJer tad... tad sam bio mlad - 2x\n\nSa trinaest sam popusio prvu pljugu\nA posle prve odmah i drugu\nJer tad... tad sam bio mlad\n\nS četrne\'st sam popio prvo pivo,\na posle piva sam pio sve živo,\nJer tad... tad sam bio mlad\n\nKad dobijem batine nisam kukao\nbio sam tucen i ja sam tukao\njer tad... tad sam bio mlad - 2x\n', 0),
(94, 1, 'Ritam Srca', 'Od boga si stvorena', 'Am              G\nKoliko sam samo poljubio žena\nF              G          Am\nnigde kao tebe lepotice nema\n(2x)\n\n    Refren 2x\n    D7         G        D7         G\n    Od Boga si stvorena za mene si rođena\n    C          G       F     G    Am\n    kunem se u oka dva bićeš moja sva\n\nAm               G\nKoliko sam samo obišao sveta\nF                 G        Am\nda sad pored mene lepotica šeta\n(2x)                              \n\n    pratnja za solo: Am  G  D  F  C Am\n    Refren 2x\n\nAm              G\nKoliko sam samo žena ostavio\nF                 G          Am\nsamo da bih tvoje usne poljubio\n(2x)\n\n    Refren 2x\n    ', 0),
(95, 1, 'Sako Polumenta', 'Eh sto nisam sunce', 'Am                          \nNeda mi se da ti nocas\nG\npjesmu odpjevam\nG\nda ti pruzim ruke svoje\nAm\nda ti sebe dam (2x strofa)\n\n    Refren 2x\n                 Am\n    Eh sto nisam sunce da ti grijem lice\n                         G\n    da te jutrom snenu pokrivam\n\n    Eh sto nisam mjesec da te nocu cuvam\n                            Am\n    da ti zvijezde s neba poskidam\n\nAm\nNeda mi se da ti bijelo\nG\nlice poljubim\nG\nda ti pruzim sve sto nisam\nAm\npa da poludim (2x strofa)\n\n    Refren 2x', 0),
(96, 1, 'Sako Polumenta', 'Svidjas mi se svidjas', 'Am------------------\nVec dugo se znamo\nG------------Am-----\nskoro od detinjstva\n-Am--------------\ni sve si mi lepsa\nG---------Am-\na u dusi ista\n\n    PREDREFREN \n    Am-------------------\n    Vec dugo se znamo\n    G-------------Am----\n    dosta je drugarstva\n    Am---------------\n    jer ja bih te zvao\n    G---------------Am-----\n    zenom svoga carstva\n\n    REFREN 2x\n    G-----------------------\n    Svidjas mi se svidjas\n    ---------------Am--\n    to ne mogu kriti\n    G-------------------\n    lepoj zeni ne znam\n    -------------Am-\n    prijatelj ja biti\n\nVec dugo se znamo\nskoro od rodjenja\nti ostajes ista\nsve se drugo menja\n\n    PREDREFREN\n\n    REFREN 2x\n\nVec dugo se znamo\njos od malih nogu\na ja bih zbog tebe\nu vatru i vodu\n\n    PREDREFREN\n\n    REFREN 2x\n    ', 0),
(97, 1, 'Sako Polumenta', 'Tebi za rodjendan', 'Am          C \nPodignimo case sada svi (G)\nG \npozelimo zdravlja, srece\nF     G   Am \ntebi ljubavi\n\nAm      C \nNeka ti se zelje ispune (G)\nG\nnek ti moja ljubav bude \nF      G   Am\nsunce sudbine (2x strofa)\n\n    Refren\n    Am\n    Slavimo, slavimo \n    D7          G\n    ovaj divan dan\n    G\n    neka ti je ljubavi \n    F       G    Am\n    srecan rodjendan\n\n    Am\n    Slavimo, slavimo \n    D7      G\n    case dizemo\n    G\n    i od srca sve najbolje \n    F     G   Am\n    mi ti zelimo\n\nNek veselo bude svaki dan\nko sto danas slavimo mi\novaj rodjendan\n\nNek se za nju nebo otvori\ni milion sjajnih zvjezda\npadne ljubavi (2x strofa)\n\n    Refren 2x\n', 0),
(98, 1, 'Sasa Matic', 'Nadji novu ljubav', 'Gm          Eb               D\n    Nudis mi zvezde, nudis mi snove\n            Gm\nAl ja zivim svoju bol,\n         Eb                D\nNudis mi sve sto ljubav se zove,\n               Gm\nA znas da necu biti tvoj \n\n              Cm\nSta li si kod mene zavolel?\n           Gm\nCemu li to nisi odolela,\n           Eb             D\nSudbina je moja od tvoje srece\n\nDaleko zlato moje\n\n    Refren\n    Gm\n    Nadji novu ljubav , novo nebo, \n                    F\n    niko nece znati sta je s nama bilo,\n                        Cm\n    Zasto ti srce pati, a ja cu da pijem\n                        D\n    Ja cu da zivim ovaj zivot svoj\n    D\n    Kako moram\n\n    Gm\n    Nadji novu ljubav , novo nebo, \n                    F\n    niko nece znati sta je s nama bilo,\n                        Eb\n    Zasto ti srce pati, a ja cu da pijem\n                       D\n    Ja cu da zivim kao pas bez nje\n                        Gm\n    Ne da mi Bog drugacije ', 0),
(99, 1, 'Sasa Matic', 'Ruzmarin', 'H-----------C----Am-------H-\nPogled mi tvoj srce nacinje\n--------------------------\ndok ti se telo ka meni naginje\nEm-----C---------------H-----------------\ni gotov sam da opet glupost napravim\nAm-----C-------------H--\na resih da se popravim\n\nSta mi to treba, sta ce reci svet\nsvi ovde znaju da sam zauzet\nal\' gotov sam da opet glupost napravim\nne mogu da se popravim\n\nEm-------------------\nO, tvoja lepota boli\nD--------------H--\no, hajde leci me\nEm-------------------\no, jos nocas slobodan sam\nD--------------H--\no, sutra zenim se\n\n	Refren\n	H------Em-------------------D---\n	Ruzmarin vec nosim na reveru\n	-------Hm-----------------Em--\n	u dzepu mi burma da joj dam\n	Em----------------------------D----\n	na ruci sat sto pet minuta kasni\n	---Hm-------------------Em--\n	ako se kraj tebe uspavam\n\nPogled mi tvoj srce nacinje\niz iskustva znam to tako pocinje\na kada nesto pocnem\nja ne prestajem i nikada se ne kajem\n\n	Refren 2x', 0),
(100, 1, 'Sasa Matic', 'Zazmuri sa mnom', ' Dm  G                 Am\nOve noci dacu ti brdo para\n        Dm   G         Am\nda odglumis i budes ona stara\n       F          G\nznaju svi, znaju svi\n     Am G    D  Dm        G\nal\' cutacemo mi kao nekad ljubavi\n\n         Dm    G            Am\nSklanjas bluzu od crvenog satena\n        Dm   G              Am\nal\' ne vredi mirise trag parfema\n    F       G\nkao on, kao on\n    Am   G    D  Dm             G\nal\' necu reci to zadnju noc smo zajedno\n\n    Refren\n            Dm         G\n    I da mi prstom pokazu\n                        Am\n    pred svima bih te branio\n             Dm     G\n    tebe sam takvu birao\n               C\n    sto bih se sada sramio\n\n        A7    Dm    G \n    I da mi prstom pokazu\n              C              F\n    ljubav je slepa, znas ti to\n           Dm       E7\n    zato i ovu ludu noc\n            Am\n    zazmuri sa mnom zajedno\n\nSklanjas bluzu od crvenog satena\nal\' ne vredi mirise trag parfema\nkao on, kao on al\' necu reci to\nzadnju noc smo zajedno\n\n    Refren\n\nLjubi, ljubi, nemoj stati\nljubi, ljubi, ljubi da se pamti\nljubi, ljubi, i ne zuri\nzagrli me nocas i zazmuri\n\n    Refren 2x', 0),
(101, 1, 'Sinan Sakic', 'Da se opet rodim', 'Dm                         B              Dm\nDa se opet rodim ziveo bih isto\nDm                            B          Dm\nspreman i na srecu, ali i na tugu\nGm\nne bih promenio nista \nC\njer ti ne bi bila ista\n      B        Gm                 A\na ja necu, necu ljubav drugu\n\nDm                        B                    Dm\nDa se opet rodim unapred bih znao\nDm                   B                           Dm\ns kim se druzi, koga svojoj kuci vodi\nGm\nne bi promenio nista \nC\njer ti ne bi bila ista\nB                         Gm               A\nja te takvu hocu opet da se rodim\n\n\n	Refren 2x\n	Dm                     Am                Gm\n	Prvi korak svoj poklonio bih tebi\n	Dm                        Am          Gm  \n	da te nema sveta ugledao ne bih\n	Dm           C\n	prve reci, prve pesme \n	B                          Dm\n	ja bih tebi otpevao\n	B                           Am             Dm\n	da se opet rodim zivot bih ti dao\n\nDa se opet rodim bilo bi mi jasno\nkojim putem treba srce da mi krene\nne bih lutao po svetu \nradio na svoju stetu\njer bih znao da si rodjena za mene', 0),
(102, 1, 'Slavisa Vujic', 'Crna golubice', 'Am-------------------\nTebi je zivot zabava \nG------------------------\nTebi se nocu ne spava \nAm-------------------------\nTi imas nekog kako cujem \nG----------Am\nZato ludujem\n\nC--Dm-G----------Am\nOh, a--zato ludujem \nC--Dm-G----------Am\nOh, a--zato bolujem\n\n    Refren 2x\n    Am-----------\n    Crna golubice \n    Am--------------------\n    Ko ti nocas ljubi lice \n    G----------------\n    Zbog te ljubomore \n    Dm-------F------G--\n    Ja imam nocne more\n\nAm-----------------------\nTi se za minut zaljubis, \nG------------------------\nTi se jos brze odljubis, \nAm---------------------------\nA ja za tobom dusu trujem \nG----------Am-\nZato ludujem\n\nC--Dm-G----------Am\nOh, a--zato ludujem \nC--Dm-G----------Am\nOh, a--zato bolujem\n\n    Refren 2x\n    ', 0),
(103, 1, 'Slobodan Vasic', 'Anonimna', 'Fm       C#\nJos uvek mamuran\nG#              D#\nsve mi nejasno u glavi\nFm               C#\nda l\' je noc il\' da l\' je dan\nG#      D#\nneka mi neko javi\nFm                C#\npored mene andjeo spava\n                   D#         Fm\nne znam sta ce tu, u mom krevetu\n\nFm       C#\nA ja sve pokusavam\nG#           D#\nnjeno ime da prizovem\nFm           C#\nne bih da se obrukam\nG#          D#\nsigurno se nada boljem\nFm                   C#\nne zna ona da sam ja svakoj\n                D#        Fm\nbio samo pride kad im ne ide\n\n    Refren\n    G#                D#\n    Anonimna kozu ima meku kao svila\n    Bm                      Fm\n    pored mene slatko dise, lepa kao himna\n    G#                     D#\n    njena kosa rascesljana pala mi na grudi\n    Bm                  C#         D#  Fm\n    i da gori ceo grad, necu da je budim\n\nProsao sam zene sve\ni starije, i klinke\nBoze, hvala ti zbog nje\ntako lepa je bez sminke\npored mene andjeo spava\nne znam sta ce tu, u mom krevetu\n\n    Refren 2x\n\n', 0),
(104, 1, 'Smak', 'Daire', 'Em       G   D\nNegde iz daleka\nEm      G  D\nčuju se daire\nEm        G D\nmesečevom rekom\nEm     G   D\ndolaze Cigani\nEm       A     G F# H   (prelaz)\nnegde iz dalekaaaaa\n\n    Refren\n    Em       D   C     (prelaz)  \n    Izvire u oku sjaj\n    Em       D        C\n    da li je java il\' san\n    Em    D        C\n    daire dajte mi vi\n    Em     D       C G F# Em\n    navire pesma u meeeeeeni\n\nFenjeri se pale\nvatra je u ljudima\norošene lale\nleže na grudima\nfenjeri se pale\n\n    Refren\n\nAko umrem sada\nkupite daire\nsvirajte mi tiho\nali me nje pazite\nako umrem sada\n', 0),
(105, 1, 'Srdjan Milosevic', 'Tebi moja mazo', 'Gm\nHteo sam da zivim slobodan i sam,\nGm F  B\nto je sve\nGm\notkada te nema kunem svaki dan,\nB   F Gm\nbez tebe (2x strofa)\n\n    Refren 2x\n    Cm\n    Tebi moja mazo\n    F              B      (bas:b,a,b,h)\n    tebi moje srce pripada\n    Cm\n    druge ljubim lazno\n    D7              Gm\n    voleti ih necu, necu nikada\n\nGm\nSrce si mi dala pruzila mi sve,\nGm F  B\nsamo ti\nGm\na meni su bile druge milije,\nB   F Gm\nsta mi bi (2x strofa)\n\n    Refren 2x\n    ', 0),
(106, 1, 'Tamara Milutinovic', 'Hajde da zazmurimo', 'Bm                    C\nJa kazem ti ti kazes ja \n        D             Em    D  \nMa ko je kriv, da li je bitno? \nHm                         C\nStvori se tu za minut, dva \n          D           H\nJer nocas mi trebas podhitno \n\n    Refren \n    Am        D\n    Hajde da zazmurimo\n    Em \n    Usne na usne stavimo \n    Am             D\n    Zasto da ih sklanjamo \n    C            Em\n    Kad isto sanjamo \n\n    Am             D\n    Bolje da se ljubimo \n    C            Em\n    Nego da se ljutimo \n    Am           D\n    Ludilo da glumimo \n    C            Em\n    Kad to ne umemo \n\nBm                    C\nI dok u snove tone grad \n        D             Em    D  \nDugujes mi barem toliko \nHm                         C\nStvori se tu za minut, dva \n          D           H\nJer kao ti ne ljubi niko\n    \n    Refren', 0),
(107, 1, 'Tanja Savic', 'Tako mlada', '-------H-------------C#----\nTako mlada, tako mlada\n------D#m---C#----H-\nnocu sama lutam ja\n---------G#m-----Bm----\nzar ne zvuci ko balada\n-------H-------C#-\nmoja biografija\n\nD#m---------------------\nZauvek cu da te volim\nC#---------------\nvec sam cula to\nG#m-------------------------\npa te pitam, da l\' to vazi\nD#m-------------\ni kad je gotovo\n\nD#m--------------------\nDa li ispod crnog oka\nC#----------------\nlazna zvezda sja\nG#m----------------\nprepuna je takvih\n-------D#m----B-\nmoja biografija\n\n    Refren\n    B-----H-------------C#----\n    Tako mlada, tako mlada\n    -------D#m--C#----H-\n    nocu sama lutam ja\n    --------G#m------Bm----\n    zar ne zvuci ko balada\n    -------H-------C#-\n    moja biografija\n\n    C#---H--------------C#----\n    Tako mlada, tako mlada\n    ---------D#m--C#-----H-\n    moj je princ vec neciji\n    ---------G#m-----Bm----\n    nema ljubavi u mojoj\n    ----------H-------C#-\n    kratkoj biografiji', 0);
INSERT INTO `songs` (`id`, `user_id`, `author`, `name`, `chords`, `times_played`) VALUES
(108, 1, 'Toma Zdravkovic', 'Hej branka branka', 'Dm            C  Dm  \nPamtiš li ono le-to  \nGm                 Dm\nPamtiš li zvezdane noći  \nDm             C  Dm    //\nkad si mi tiho re-kla   // \nC             Dm        // 2x\nBez tebe neću moći      //\n\n    Refren 2x\n    Dm  \n    Hej Branka Branka Branka  \n    C            Dm\n    Reci mi Bran-ka  \n    Gm              C     F   C   Dm\n    Ko je kriv zbog našeg ras-tan-ka  \n \nDm            C  Dm  \nPamtiš li onu jesen  \nGm                 Dm\nPamtiš li dane noći  \nDm             C  Dm    //\nKad si mi tiho rekla    //\nC             Dm        // 2x\nBez tebe neću moći      //\n\n    Refren 2x\n\nDm            C  Dm  \nPamtiš li onu zimu \nGm                 Dm \nPamtiš li bele noći  \nDm             C  Dm    //\nKad si mi tiho rekla    //\nC             Dm        // 2x\nBez tebe neću moći      //\n\n    Refren 2x\n    ', 0),
(109, 1, 'Toma Zdravkovic', 'Kafana je moja sudbina', 'Em                   H7      Em\nDa li si mi verovala ženo jedina\nEm                   D             G\nDa li si mi verovala dal\' si praštala\nC                    D         G\nKad sam kući dolazio mrtav umoran\nAm                   D          G\nDa li si mi verovala da sam bio sam\nH7         Em     D\nDa sam bio sam \n\n    Refren\n    C         D         G\n    Kafana je moja sudbina\n    C         D       G   E7\n    Ona me je sebi uzela\n    Am                 Em\n    Kafana je moja istina\n    H7       Em\n    Ženo jedina.\n\nEm                   H7      Em\nLutao sam godinama sreću tražio\nEm                   D             G\nlutao sam godinama dok sam shvatio\nC                    D         G\nDa na ovom belom svetu nema milosti\nAm                   D          G\nda bez tebe dušo moja nema radosti\nH7         Em     D\nnema radosti\n\n    Refren 2x\n\nEm                   H7      Em\nMožeš li mi oprostiti ženo jedina\nEm                   D             G\nmožes li mi oprostiti što si patila\nC                    D         G\nŠto te suza na jastuku jutrom budila\nAm                   D         G\nšto te noću mesto mene tama grlila, \nH7         Em     D\nženo jedina\n', 0),
(110, 1, 'Toma Zdravkovic', 'Ostao sam sam', 'A#---------------Cm----------Gm\nSamo tuzne noci znaju da je volim\nEb----------F--------Gm\njedna zena odnela je sve\nA#---------------Cm----------Gm\nsamo srce moje ne znam da l\' ce moci\nEb----------F--------Gm\nove noci da izdrzi sve\n\nGm-----F----C7----Cm\nDugo, dugo zoru ranu\nEb---F---Gm\ncekam uzalud\nGm-----F----C7----Cm\n\'ej zivote, srece nema\nEb---F---Gm\ntugo golema\n\n    Refren 2x\n    A#\n    Nemam, nemam srece\n    F-----A#----F---F7---A#--G7\n    nigde nista ostao sam sam\n    Cm------\n    ostao sam sam\n    Gm-----F--Cm---Eb-F-Gm\n    suzo vrela, tugo golema\n\nSamo tiho, tiho ciganine stari\nneka jeca violina sad\nneka setni zvuci moju dusu lece\nnek me pesma podseti na nju\n\nDugo, dugo zoru ranu\ncekam uzalud\n\'ej zivote, srece nema\ntugo golema\n\n    Refren 2x', 0),
(111, 1, 'Toma Zdravkovic', 'Tuzno leto', 'Fm\nProveli smo leto, zajedno smo bili\nD#\nSetali kraj mora i sanjali snove.\nC#                        Bm\nA more ko more, nemirno i plavo\nC#             C       Fm\nKao kosa tvoja kao oci tvoje.\n\nFm                        D#\nA more ko more, nemirno i plavo\nC#                 C C7 Fm\nKao kosa tvoja kao oci tvoje. \n\n    Prelaz C Cis Dis Cis Dis\n\n    Refren 2x\n    G#                          D#\n    Evo vec je jesen a tebe jos nema,\n                                  G#\n    sigurno si nengde novu ljubav srela\n    Fm                         D#\n    a ja sivu jesen zamenih za leto\n    C#                  C    C7    Fm\n    pa prokljinjem more i to tuzno leto.\n\nFm\nTuzno moje letom gde je ona sada,\nD#\nova siva jesen ona tako mlada.\nC#                        Bm\nMoze da zaluta kao jagnje mlado\nC#             C       Fm\nmilp moje sunce gde si zalutalo\n\nFm                        D#\nMoze da zaluta kao jagnje mlado\nC#                 C C7 Fm\nmilp moje sunce gde si zalutalo\n\n    Refren 2x', 0),
(112, 1, 'Tose Proeski', 'Boze brani je od zla', 'Hm      G A           F#m       G\nOna ima oči koje znaju moje tajne sve\n              A        Hm\nmoje tuge sve i moje nemire\n        G  A            F#m       G\nona ima ruke i u njima svemir čitavi\n                  A        Hm\nu tom zagrljaju mogu umreti\nG            F#m        Hm\nu tom zagrljaju mogu umreti\n\n    Refren\n    Hm\n    Bože, meni tako malo treba\n    F#m\n    ispod ovog svetog neba\n    G               Em           F#m\n    topla postelja i njena oka dva\n          Hm\n    Šalji anđele čuvare svoje\n    F#m\n    jer je duša duše moje\n    G                Em             F#\n    brani je od zla, Bože, kad ne mogu ja\n    G     A                Hm\n    mmm ooo, kad ne mogu ja.\n      G     F#m    Hm\n    bože brani je od zla\n\n        G  A            F#m       G\nOna ima usne i na njima ukus trešanja\n                  A        Hm\nkoje niko ne zna ljubit kao ja\nG            F#m        Hm\nkoje niko ne zna ljubit kao ja\n\n    Refren 2x\n    ', 0),
(113, 1, 'Tose Proeski', 'Igra bez granica', '    Gm\n    Da se bar mogu probuditi u svetu lubavi\n               F                                           D#\n    bez starih drugova i ovih nakaza što su me stalno pratile\n    Gm                                                    F\n    da te bar mogu poljubiti bez loših sećanja na hladna proleća\n                                              D#\n    bez slike stradanja što se baš za nas zalepe\n\n    Refen\n               Cm             F\n    Jer moj je život igra bez granica\n           A#             Gm\n    umorna priča trganje stranica\n                        D#\n    na kojim ništa ne piše\n               Cm           F\n    jer moj je život večito padanje\n                A#              Gm\n    kad zbrojim poraze ništa ne ostane\n                       D#\n    samo još vučem navike\n                      Gm\n    i sve na tome ostane\n\n    Gm                                                F\n    Da te bar mogu probuditi,kavu ti skuhati,u krevet doneti\n                                      D#\n    pa te poljubiti,al toga nema i ne postoji\n    Gm                                                F\n    da se bar mogu zaljubiti u malu seljanku na nekom proplanku\n                                     D#\n    gore u svemiru tako da dole ne vidim\n\n    Refren', 0),
(114, 1, 'Tose Proeski', 'Volim osmeh tvoj', 'G           D\nKrade mi te cesta\n            G\nkradu mi te ljudi\n          D          C\nsvako pomalo od osmjeha\n        G\ntvog posudi\n           D\nIza svakog ugla\n            G\nstalno neko vreba\n           D\nda mi te ukrade\n     C           G\nkada malo srece treba\n\n        Em           D\nMa niko nije kriv za to\n       Em        D\nsto te volim toliko\n             C              D\nal\' osmijeh tvoj je kriv da znas\n            G\nsto me osvajas\n\n    Refren\n                  Am                 D\n    Volim osmijeh tvoj bas dobro ti stoji\n                  G             Em\n    jos ti bolje stoje poljupci moji\n                    Am                  D\n    ma kriv je meni svako, kom smijes se ti\n     G\n    moja ljubavi.\n    \n                  Am                 D\n    Volim osmijeh tvoj i nosi ga uvijek\n                  G             Em\n    smij se samo, dusu mi grij\' zauvijek\n                    Am                  D\n    i krivi su mi svi, i krivo mi je sve\n     G\n    kad sam bez tebe\n\nAl\' nije krivo more\nniti sol u kosi\nniti nebo koje boju\noka tvoga nosi\n\nMa niko nije kriv za to\n\n    Refren \n', 0),
(115, 1, 'Van Gogh', 'Neko te ima nocas', 'Em             C        D    Em       C     D\nHteo bih negde da te vidim, kao slučajno\nEm           C    D      Em\nU kom džepu ovaj grad te noćas sakrio\nC       D       Em     C D\nSada ne mogu da zaspim O-o\nEm                 C       D    Em\nNešto se dogodilo, poludeo sam sasvim\n  C      D        Em      C  D\nOtkad mislim na tebe, sve se izmenilo\n\nEm             C        D    Em       C     D\nI kad sam s tobom kao da hodam po vrelom asfaltu\nEm         C      D      Em\nTaman kad se noge naviknu ti više nisi tu\nC       D       Em     C D\nSada ne mogu da zaspim O-o\nEm                 C       D    Em\nNešto se dogodilo poludeo sam sasvim\n  C      D        Em      C  D\nOtkad mislim na tebe sve se izmenilo\n\n    Refren\n        Em    C   D\n    Neko te ima noćas\n    Em    C   D\n    Neko te voli\n    Em    C   D     Em\n    Neko te ima to nisam ja\n          C  D\n    To nisam ja aaa-aa\n\nI kad sam s tobom, kao da padam a nikad ne padnem\nGde te sakrio ovaj grad, ne mogu da te pronadjem\nI ne mogu da zaspim Oo\nNešto se dogodilo, poludeo sam sasvim\nOtkad mislim na tebe, sve se izmenilo.\n', 0),
(116, 1, 'Vesna Sokcic', 'Cetiri strane svet ima', 'Am-----------------------\nCetiri strane sveta ima\nG----------G7----C--\nvelik smo nema sta\nDm---------Am---------\nda postoji strana peta\nF------Gm------Am-\nda pobegnem ja\n(2x strofa)\n\n	Refren 2x\n	Am-----------G-----\n	Zivot moj si obojio\n	F----G-----Am-\n	totalno je crn\n	Am------------G-------\n	a od ruze na grudima\n	F----Gm--Am-\n	osta-o je trn \n\nKao nebo moje oci\ncrna zemlja kao ti\npa i oni mogli bi\na nikada mi\n(2x strofa)\n\n	Refren 2x', 0),
(117, 1, 'Yu Grupa', 'Mornar', 'E          A           H          E\nDrugovi su odmah rekli nije za tebe\n            A          H    E\nizbij je iz glave idi negde napij se\n            A          H         E\nrekli su mi da si strašnija od satane\n              A        H\nipak su te znali mnogo bolje od mene.\n\nA         G#m          H        E\nMrzeo sam svakog ko te nije voleo\nA          G#m          H\nružan glas o tebi me je boleo\n\n	Refren\n	E          H          A          E\n	Kao mornar dobro more sanjao sam te\n	A             H     E\n	al\' je Neptun slao talase\n	E          H          A          E\n	Kao zedna zemlja kišu čekao sam te\n	A             H     E\n	to su bile sušne godine\n\nE          A           H          E\nDrugovi su odmah rekli nije za tebe\n            A          H    E\nizbij je iz glave idi negde napij se\nE          A           H          E\nOpijeno srce gluvo je za savete\n            A          H    E\nipak su te znali mnogo bolje od mene\n\nA         G#m          H        E\nMrzeo sam svakog ko te nije voleo\nA          G#m          H\nružan glas o tebi me je boleo\n\n	Refren 2x', 0),
(118, 1, 'Zana', 'Dodirni mi kolena', 'C#m\nHej moja dusice izbaci bubice\n                         B\niz svoje lepe lude plave glavice\n\nne budi dete\nC#m\nObuci papuce, dodaj mi jastuce\n                             B\nnezno me zagrli i ponasaj se prirodno\n\nD#m\nSkuvaj mi kafu,napravi sendvic\nG#\nlepo ugosti i zadovolji me\n\nHej moja dusice, ostavi lutkice\nkoje te jure i stalno ti dosadjuju\nne budi dete\nKupi mi haljine, srebrene lancice\ncrvene maline i kartu do Amerike\n\nZnamo se skoro vec deset dana\ndaj mi svoj auto i kljuc od stana\n\n	Refren\n	C#m           F#m          C#m\n	Hej, na sveze mleko mirise dan\n	      F#m           C#m\n	ptice pevaju na sav glas\n	      F#m\n	jutro njise vetar\n	  G#\n	dodirni mi kolena, to bih bas volela\n\nHej, plavo nebo zuri u stan\nzuti leptir mazi moj vrat\njutro njise vetar\ndodirni mi kolena, to bih bas volela', 0),
(119, 1, 'Zana', 'Majstor za poljupce', 'D         A   \nMomak za sve\nD                A   \nza moje nemirne sne\nD          A   \nzgodan i lep\nD          A   \nmomak za sve.\n\nHm        F#m        Hm\nOnda kad mrzim ceo svet\n         F#m        Hm\nti mi se samo priblizis\n           F#m        A\ni ja tad zaboravim na sve\n\n    Refren\n    D           A           Hm              G         A\n    Ti si moj majstor za poljupce (poljupce) o da .. o ne\n    D           A           Hm             G       A\n    tako mi dobro radis sve  (radim sve) o da .. o ne', 0),
(120, 1, 'Zana', 'Mladicu moj', 'E\nŽelim ti zabavan dan\nC#m\nNajuzbudljiviji san\nE\nNikad da ne budeš sam\nA               H\nDruge da šetaš, meni da smetiš\n\nE\nŽelim ti uspeh i moć\nC#m\nNajluđi provod kroz noć\nE\nCeo svet neka je tvoj\nA\nDruge da imaš, naravno\nH                          H H H H\nMene da nemaš, ne ne, ne ne\n\n	Refren \n	E|D#        H|Bb		  C#m|c\n	Mladiću moj, problem je tvoj\n	          A            H\n	Što si mi tako sladak\n	E|D#         H|Bb		  C#m|c\n	Mladiću moj, problem je tvoj\n	        A\n	Kako si mek i gladak\n\n	Mladiću moj, problem je tvoj\n	Luduju sve za tobom\n	Mladiću moj, problem je tvoj\n	Moram ti reći zbogom, zbogom, zbogom', 0),
(121, 1, 'Zana', 'Ozenices se ti', 'Am G          Am      Dm        Am \nMi nismo bili par jer gledao si me \nG    E7  Am     G \nuvek kao stvar \nAm Dm       Am   Dm         Am G    E7 Am G \nti tako poželjan svaku ljubio, mene ubio \n\nC    G           C \nbol, sve je sada bol \n  Dm       Am    G        Am    Em \nu osecanju mom i odgovoru tvom \n \n	Refren\n	Am   G      F             Dm \n	Oženiceš se ti i udacu se ja \n	               G \n	al\' plakacemo, znaj \n	                C E7 Am \n	kad god se sretnemo \n	       G      F                 Dm \n	jer imali smo svi osamnaest godina \n	              G              C  E7 \n	i nismo znali tad koliko možemo ', 0),
(122, 1, 'Zdravko Colic', 'Cija je ono zvijezda', '	Refren\n	A       D          A D\n	Cija je ono zvijezda\n	A      D    E\n	ljepsa nego Danica\n	A      D           E\n	ono je moja zvijezda\n	        E           A         C#7\n	sto mi, sto mi lezi kraj srca.\n\n         F#m  E       B\nJa cekam mrak,mjesecinu\n         F#m        E    B\nja cekam finu nocnu paucinu\n          F#m    E           B\nja poznam korake ri-pa-ra-pa-ra\n          F#m    E           B\nkad cujem cipele cinge-cange-cang\nF#m                C#\nodlazis i dolazis ko da ne vidis\nF#m        E           C#\ne_______ee_e________ee_e________\n\nJa poznam korake ri-pa-ra-pa-ra\nkad cujem cipele cinge-cange-cang\nja poznam korake ri-pa-ra-pa-ra\nkad cujem cipele cinge-cange-cang\n\nTi gasis sve sijalice\ni palis samo zvijezde smijalice\na kad se upale ri-pa-ra-pa-ra\nkao da zazvone cinge-cange-cang\n\nSve su na nebu samo jedna ne\nF#m      E         D\ne___,evo je kraj mene…\n\n	Refren', 0),
(123, 1, 'Zdravko Colic', 'Prava stvar', 'Am       E7 \nJedna za drugom \nG              Am \nTakav zivot je moj \nC            G \nNisam ljubio stvarno \nF            Am \nVazan bio je broj. \n \nAm       E7 \nJedna za drugom \nG              Am \nSvakoj bio sam drag \nC           G \nAl duboko u nama \nF              Am \nTo ne ostavlja trag. \n \n    PREDREFREN \n        Dm          Am \n    I u stvari srce spava \n           Em          Dm7 \n    Sve do casa kad se javi prava \n \n    REFREN \n    F          G     Am \n    S tobom je nesto drugo \n    F        G    Am \n    Ti si za mene par \n    F          G     Am \n    S tobom to traje dugo \n           C      G \n    Ja sam probao sve \n           E7     Am \n    Ja sam prosao svud \n             F          G     Am \n    S tobom, s tobom je prava stvar \n         \nJedna za drugom \nVecno s cveta na cvet \nTi me vracas na zemlju \nTi mi prekidas let. \n\n    PREDREFREN\n\n    REFREN', 0),
(124, 1, 'Zeljko Joksimovic', 'Varnice', 'Em\nZašto si draga moja za druge kao nova\nG                D\nZa mene ko od olova\nAm                                        H\nJa spremam ko fanatik da preplivam atlantik\n                    Em\nDa bi kraj mene ostala\n\nEm\nStalno mi traziš mane slutiš na crne dane\nG                D\nA to mi dušo ne treba\nAm                                   H\nDođi do moga stana zašto da spavaš sama\n                Em\nKad imaš mene malena\n\n    Refren 2x\n              C   D         G\n    Ma nek ti oči sevaju ko varnice\n    Em      C    D           G\n    Samo mi dođi nismo preko granice\n    Am                 Em\n    Pa me do zore voli,pa ljubi gde me boli\n    H\n    Leči me činima ko aspirinima\n\nEm\nStalno ti nešto smeta brineš sve brige sveta\nG                D\nSamo o meni nikada\nAm                                        H\nJa spremam ko fanatik da preplivam atlantik\n                    Em\nDa bi kraj mene ostala.\n\n    Refren 2x\n    ', 0),
(125, 1, 'Zeljko Samardzic', '9000', 'Am       C \nNekada u svakom drugom gradu\n    G    F               G\nsam imao po jednu ljubav bar\nAm             C \nSvi ti gradovi sada su u tebi\nG               F         G\ndo njih me vodi tvoga oka pad\n\nG                Am\nA ti si nažalost drugome verna\nG            Am\ni čitaš samo kako se piše\nDm           Am\nal nešto još treba da znaš\nG               F           G\non te voli duže ja te volim više\n\n	Refren\n	Am            C                  G\n	Devet hiljada metara na nebu sam ja\n	        F            G\n	za tren kad mi osmeh daš\n	Am            C                   G\n	devet hiljada milja ispod mora na dnu\n	       F         G\n	sam ja kad me ne gledaš\n\nNekada sve je bilo isto\nsamo su se žene menjale\nsad je obratno sa tim sam načisto\njedna noć promenila je sve\n\nA ti si nažalost...\n\n	Refren\n\nA ti si nazalost...\n\n	Refren\n	Hm            D                  A\n	Devet hiljada metara na nebu sam ja\n	        G            A\n	za tren kad mi osmeh daš\n	Hm            D                   A\n	Devet hiljada milja ispod mora na dnu\n	       G         A\n	sam ja kad me ne gledaš\n\nref:', 0),
(126, 1, 'Zeljko Samardzic', 'Grlica', 'F#m                     A            E\nŠta si to u meni našla, moja tužna grlice\nF#m                    A          E\nŠta su drumovi za mene za tebe su ulice\nD          C#m         Hm         A\ntebi treba neko snažan neko jak i siguran\n     E                D\na ne čovek kao ja, od života umoran\n\nF#m                   A             E\nNije tebi noćas mesto u mom hladnom hodniku\nF#m                      A             E\nda bi došla do mog srca, ne znaš tajnu lozinku\nD          C#m          Hm         A\ntebi treba neko snažan, neko jak i siguran\n     E                  E7\na ne čovek kao ja, a ne čovek kao ja...\n\n	Refren\n	         A                    E\n	Za jednu noć kraj mene ti bi dala ceo svet\n	     Hm                           A          E\n	a ja sve, sve što imama za tvojih dvadeset i pet\n	         A                   E\n	za jednu noć kraj mene ti bi srušila svoj let\n	        Hm                     A          E\n	a ja ni onda ne bi imao tvojih dvadeset i pet\n\nF#m                     A            E\nŠta si to u meni našla, moja tužna grlice\nF#m                    A          E\nŠta su drumovi za mene za tebe su ulice\nD          C#m         Hm         A\ntebi treba neko snažan neko jak i siguran\n     E                D\na ne čovek kao ja, od života umoran\n\n	Refren', 0),
(127, 1, 'Zeljko Samardzic', 'Slutim', 'Bm                                   G#\nNoćas nek\' mi dah odnesu hladni vetrovi\n                      F#   F7    Bm\nduša mi se razboljela zato kriva si\nBm                                   G#\ntebe nikad nema kad je najbolnije\n                      F#   F7    Bm\na sad sam sa suzom ostah, eto, to mi je\n\n	Refren\n	C#     F# C# G#\n	Slutim da me ne voliš\n	F#  F7           Bm\n	slutim kako noći provodiš \n	C#     F# C# G#             \n	Slutim sve zaboravljaš\n	F#  F7           Bm\n	odlaziš i zauvek me ostavljaš\n\nBm                                   G#\nVoleo sam slepo pa se nisam štedeo\n                      F#   F7    Bm\nuz tebe sam ostario i osedeo\nBm                                   G#\nhladna soba nemir budi, tera me na zlo\n                      F#   F7    Bm\nzar te moj bol čini srećnom, zar si htela to.\n\n	Refren 2x', 0),
(128, 1, 'Zeljko Samardzic', 'Zaustavite januar', '	Refren\n	Hm             D               A\n	Zaustavite januar da ne prodje mi decembar\n	   Em                        D\n	i Novu godinu, nema sta da trazi tu\n						  A\n	dok je Stara jos na mome ramenu\n		  Hm       D            A\n	Zaustavite januar, nek ponovi se decembar\n		Em                        D\n	bar 12 puta jos, nece da mi dosadi\n				  A\n	to je bio mesec nase ljubavi\n			  Hm\n	zaustavite januar\n\nA\nVecer dugih haljina\n		  Hm\nu ocima ti lazni tirkiza sjaj\nA\nnovome se radujes\n			  Hm\nod svega starog to je oprostaj\n		   F#m           G\nUbrajam li se i ja u to\n		  F#m             G\nzar tuga sela je tu za moj stol\n	   F#m              Em\nu casi maslina pala je na dno\n			  A\nsrce za njom potonulo\n\n	Refren \n\nTi sa svima ljubis se\nhiljadu je zelja, a jedan mrak\nnovi ljudi zovu te\nod svega starog to je rastanak\n\n		   F#m           G\nUbrajam li se i ja u to\n		  F#m             G\nzar tuga sela je tu za moj stol\n	   F#m              Em\nu casi maslina pala je na dno\n			  A\nsrce za njom potonulo', 0),
(129, 1, 'Zoran Vanev', 'Juzna pruga', 'Fm               E               D\nU uglu vagor restorana sedela si sama\n        A     E     Fm            E   \nguzva i oblak dima, prelepa mlada dama\n      D            A     E \nko na iglama... tu medju vukovima\n\nFm         E    D              A    E\nRekoh izvini... dal pored tebe sedi neko\nFm         E    D            E\nRekoh izvini... dal k`o i ja putujes daleko \n\n	Refren \n	D               A                E\n	Skoplje Beograd Bec.. i dalje na zapad\n	Hm              E\n	gde nas sudbina ponese\n	D            A                E       \n	Ovo je Juzna pruga ni ljubavi ni druga \n	Hm        E\n	ni stalne adrese\n\n	D               A         E\n	Skoplje Beograd Bec rec po rec \n	Hm      E\n	sudbina to je\n	D                    A              E  \n	isto od nule krecemo ne znamo gde cemo\n	   Hm         E    Fm\n	al lakse je u dvoje\n\nFm         E    D              A    E\nRekoh izvini... dal pored tebe sedi neko\nFm         E    D            E\nRekoh izvini... dal k`o i ja putujes daleko \n\n	Refren', 0),
(130, 1, 'Zoran Vanev', 'Lila', 'Am---------G-----------\nOcaraj me, zacaraj me\nAm---------Dm----\nzanosnom lepotom\nDm-----------F----\nkad nestanu dukati\n--G----------Am-\nja platicu zivotom\n\n    PREDREFREN 2x\n    Am------------G-------\n    Igraj, igraj, zaigraj\n    Am--------Dm-\n    srce mi zavedi\n    -------------F-------------\n    ja ne zalim, do prosjackog\n    G-----------Am-\n    stapa me dovedi\n\n    REFREN 2x\n    Am----------G---\n    Lila, lila, lila\n    Am----------Dm---\n    bas ti lepo stoji\n    ------------F---------\n    bas ti lepo stoji svila\n    G----------Am---\n    u toj lila boji\n    Am----------G---\n    Lila, lila, lila\n    Am---------Dm--\n    prelepa si zena\n    ----------F---------\n    jos ti samo falim ja\n    ---G-----------Am-\n    da budes savrsena\n\nAm---------G------------\nAko gorim nek izgorim\nAm----------Dm--\nto su slatke muke\n------------F-----------\nja ne zalim nek mi sude\nG-------------Am-\ntvoje nezne ruke\n\n    PREDREFREN 2x\n\n    REFREN 2x\n    ', 0),
(131, 1, 'Zdravko Colic', 'Zagrli me', 'Am                             Dm              Am \nNe trebas mi nista reci, svoju proslost, svoje ime, \nF                         G          Am \nAko ce ti biti lakse, zagrli me, zagrli me. \n\nAm                             Dm              Am \nUzecu te u narucje, da te cuvam u sred zime, \nF                         G          Am \nGrijat ce te moje tijelo, zagrli me, zagrli me. \n\n    Refren \n    C                             G \n    Zagrli me oko vrata, oluja se dize, \n    F                                  C \n    Ne moze ti vjetar nista ako pridjes blize, \n               Dm                 Am     E7 \n    Ako pridjes blize, ako pridjes      blize. \n\n\nAm                             Dm              Am \nUkrao bih srecu za nas, kupio bih, nemam cime, \nF                         G          Am \nJedino si moje blago, zagrli me, zagrli me. \n\nAm                             Dm              Am \nNe trebaju tebi draga ove pjesme, ove rime, \nF                         G          Am \nNajvise je sto se moze, zagrli me, zagrli me\n    \n    Refren', 0),
(132, 1, 'Miladin Sobic', 'Dzemper za vinograd', '   G\nPonekad pozelim da ostavim studije\n  Hm\nI upisem neki zanat,\n  C\nPa da budem pekar, limar, il\' moler,\n  D                 C                   G\nDa ukrotim struju i naucim da popravljam bojler. } 2x \n\nIl\' da budem dimnjacar i donosim srecu,\nBudem majstor za frule,\nDa pravim servise il\' duvam staklo,\nNe morah na fakultet, al\' mi se omaklo. } 2x\n\n    Refren 2x\n    G\n    Cudio se meni drugar \n     C                  G\n    Sta ima tu da mi smeta,\n    Sto on da bi bio bog i glavni \n     C                   G\n    Zeli svrsit tri fakulteta.  \n \n    G,F#,Em                      D\n        A zar ne bi bilo ljepse sad\n                         C\n        misliti na vinograd,\n                 G\n        U ljubavi biti s njim\'\n                 D\n        Kao dragom diciti se njime,\n                 C,G\n        Cuvati ga od zime.\n\nIzgleda da mnogi zele imat kola,\nSnazan motor iz Japana,\nmjesto licne karte kolor televizor,\nOstaviti zivot, gledat ga u retrovizor. } 2x\n\nA zasto ne bit\' obican, voljet male stvari,\nZasto svako mora biti glavni?                   \nSta to lijepo ima obraz zakrpljen sa flekom,\nI zasto sa tugom gledam za covjekom? } 2x \n\n   Refren 2x', 0);

-- --------------------------------------------------------

--
-- Table structure for table `stats`
--

CREATE TABLE `stats` (
  `user_id` int(11) NOT NULL,
  `all_last` datetime NOT NULL DEFAULT current_timestamp(),
  `all_time` mediumint(9) NOT NULL DEFAULT 0,
  `all_sessions` mediumint(9) NOT NULL DEFAULT 0,
  `all_songs` mediumint(9) NOT NULL DEFAULT 0,
  `day_last` datetime NOT NULL DEFAULT current_timestamp(),
  `day_time` mediumint(9) NOT NULL DEFAULT 0,
  `day_sessions` mediumint(9) NOT NULL DEFAULT 0,
  `day_songs` mediumint(9) NOT NULL DEFAULT 0,
  `month_last` datetime NOT NULL DEFAULT current_timestamp(),
  `month_time` mediumint(9) NOT NULL DEFAULT 0,
  `month_sessions` mediumint(9) NOT NULL DEFAULT 0,
  `month_songs` mediumint(9) NOT NULL DEFAULT 0,
  `year_last` datetime NOT NULL DEFAULT current_timestamp(),
  `year_time` mediumint(9) NOT NULL DEFAULT 0,
  `year_sessions` mediumint(9) NOT NULL DEFAULT 0,
  `year_songs` mediumint(9) NOT NULL DEFAULT 0
) ENGINE=InnoDB DEFAULT CHARSET=utf8mb4;

--
-- Dumping data for table `stats`
--

INSERT INTO `stats` (`user_id`, `all_last`, `all_time`, `all_sessions`, `all_songs`, `day_last`, `day_time`, `day_sessions`, `day_songs`, `month_last`, `month_time`, `month_sessions`, `month_songs`, `year_last`, `year_time`, `year_sessions`, `year_songs`) VALUES
(1, '2021-06-30 13:02:37', 3722, 4, 33, '2021-06-30 13:02:37', 3722, 4, 33, '2021-06-30 13:02:37', 3722, 4, 33, '2021-06-30 13:02:37', 3722, 4, 33);

-- --------------------------------------------------------

--
-- Table structure for table `users`
--

CREATE TABLE `users` (
  `id` int(11) NOT NULL,
  `first_name` varchar(24) NOT NULL,
  `last_name` varchar(24) NOT NULL,
  `email` varchar(48) NOT NULL,
  `password` varchar(48) NOT NULL,
  `admin` tinyint(1) NOT NULL DEFAULT 0,
  `register_date` datetime NOT NULL,
  `online` tinyint(1) NOT NULL,
  `last_online` datetime NOT NULL
) ENGINE=InnoDB DEFAULT CHARSET=utf8mb4;

--
-- Dumping data for table `users`
--

INSERT INTO `users` (`id`, `first_name`, `last_name`, `email`, `password`, `admin`, `register_date`, `online`, `last_online`) VALUES
(1, 'Nikola', 'Supic', 'username', '123456789', 0, '2021-06-27 23:10:03', 0, '2021-06-30 13:03:18');

-- --------------------------------------------------------

--
-- Table structure for table `user_songs`
--

CREATE TABLE `user_songs` (
  `id` int(11) NOT NULL,
  `user_id` int(11) NOT NULL,
  `song_id` int(11) NOT NULL
) ENGINE=InnoDB DEFAULT CHARSET=utf8mb4;

--
-- Dumping data for table `user_songs`
--

INSERT INTO `user_songs` (`id`, `user_id`, `song_id`) VALUES
(1, 1, 39),
(2, 1, 36),
(3, 1, 97),
(4, 1, 131),
(5, 1, 132);

--
-- Indexes for dumped tables
--

--
-- Indexes for table `sessions`
--
ALTER TABLE `sessions`
  ADD PRIMARY KEY (`id`);

--
-- Indexes for table `session_songs`
--
ALTER TABLE `session_songs`
  ADD PRIMARY KEY (`id`);

--
-- Indexes for table `songs`
--
ALTER TABLE `songs`
  ADD PRIMARY KEY (`id`);

--
-- Indexes for table `stats`
--
ALTER TABLE `stats`
  ADD PRIMARY KEY (`user_id`);

--
-- Indexes for table `users`
--
ALTER TABLE `users`
  ADD PRIMARY KEY (`id`);

--
-- Indexes for table `user_songs`
--
ALTER TABLE `user_songs`
  ADD PRIMARY KEY (`id`);

--
-- AUTO_INCREMENT for dumped tables
--

--
-- AUTO_INCREMENT for table `sessions`
--
ALTER TABLE `sessions`
  MODIFY `id` int(11) NOT NULL AUTO_INCREMENT, AUTO_INCREMENT=5;

--
-- AUTO_INCREMENT for table `session_songs`
--
ALTER TABLE `session_songs`
  MODIFY `id` int(11) NOT NULL AUTO_INCREMENT, AUTO_INCREMENT=34;

--
-- AUTO_INCREMENT for table `songs`
--
ALTER TABLE `songs`
  MODIFY `id` int(11) NOT NULL AUTO_INCREMENT, AUTO_INCREMENT=133;

--
-- AUTO_INCREMENT for table `stats`
--
ALTER TABLE `stats`
  MODIFY `user_id` int(11) NOT NULL AUTO_INCREMENT, AUTO_INCREMENT=2;

--
-- AUTO_INCREMENT for table `users`
--
ALTER TABLE `users`
  MODIFY `id` int(11) NOT NULL AUTO_INCREMENT, AUTO_INCREMENT=2;

--
-- AUTO_INCREMENT for table `user_songs`
--
ALTER TABLE `user_songs`
  MODIFY `id` int(11) NOT NULL AUTO_INCREMENT, AUTO_INCREMENT=6;
COMMIT;

/*!40101 SET CHARACTER_SET_CLIENT=@OLD_CHARACTER_SET_CLIENT */;
/*!40101 SET CHARACTER_SET_RESULTS=@OLD_CHARACTER_SET_RESULTS */;
/*!40101 SET COLLATION_CONNECTION=@OLD_COLLATION_CONNECTION */;
